bert_precision,bert_recall,bert_f1
0.8760119676589966,0.8617677688598633,0.86883145570755
0.8670933842658997,0.8468821048736572,0.8568686246871948
0.919083297252655,0.902866780757904,0.9109028577804565
0.9164927005767822,0.8807382583618164,0.8982598185539246
0.8796778321266174,0.8854955434799194,0.8825770616531372
0.868095874786377,0.8680081367492676,0.8680520057678223
0.8877491354942322,0.9007488489151001,0.8942017555236816
0.9179470539093018,0.8863675594329834,0.9018809795379639
0.9056648015975952,0.9080871343612671,0.9068743586540222
0.8796175718307495,0.8867274522781372,0.8831582069396973
0.8930897116661072,0.8742483854293823,0.8835686445236206
0.8942294120788574,0.87530916929245,0.8846681118011475
0.9483729600906372,0.8537863492965698,0.8985974788665771
0.8806973695755005,0.8617216348648071,0.8711061477661133
0.8448498845100403,0.8644238710403442,0.8545247912406921
0.9200451970100403,0.9397648572921753,0.9298005104064941
0.9168213605880737,0.9061132669448853,0.9114358425140381
0.9052129983901978,0.8674166798591614,0.8859118223190308
0.8899582624435425,0.8958441615104675,0.892891526222229
0.8679727911949158,0.8682640790939331,0.8681184649467468
0.88927161693573,0.8805325627326965,0.8848804831504822
0.8948959708213806,0.8859508037567139,0.8904008865356445
0.9250022172927856,0.9136990308761597,0.9193159341812134
0.9308501482009888,0.9098581075668335,0.9202343821525574
0.9536506533622742,0.9351053237915039,0.9442869424819946
0.8483192324638367,0.8878654837608337,0.8676419854164124
0.8942182064056396,0.875922679901123,0.8849759101867676
0.9627063870429993,0.9393017292022705,0.9508600831031799
0.8865463733673096,0.8630220293998718,0.8746260404586792
0.8849483728408813,0.8717450499534607,0.8782971501350403
0.9376382827758789,0.9349051713943481,0.9362697601318359
0.8835594654083252,0.8987365961074829,0.8910834193229675
0.888214647769928,0.9196580648422241,0.9036628603935242
0.8585416078567505,0.8555838465690613,0.8570602536201477
0.89481520652771,0.8749855756759644,0.8847892880439758
0.8848561644554138,0.8693705797195435,0.8770450353622437
0.8590794801712036,0.8823347687721252,0.8705517649650574
0.8920457363128662,0.8974781036376953,0.8947536945343018
0.9067429304122925,0.8966761827468872,0.9016814827919006
0.8943143486976624,0.858761191368103,0.876177191734314
0.8449978232383728,0.861636757850647,0.853236198425293
0.8955104351043701,0.8767255544662476,0.8860184550285339
0.8615957498550415,0.8610380291938782,0.8613168001174927
0.871665358543396,0.8788356184959412,0.8752358555793762
0.9172700047492981,0.9329521656036377,0.9250446557998657
0.8455871939659119,0.8550539016723633,0.8502941727638245
0.8862763047218323,0.8890846967697144,0.8876782655715942
0.918136477470398,0.9293859601020813,0.9237269163131714
0.8884519934654236,0.8783695697784424,0.8833819627761841
0.8894716501235962,0.8903034925460815,0.8898873925209045
0.9655059576034546,0.9740866422653198,0.9697772860527039
0.9116395711898804,0.9147762060165405,0.9132051467895508
0.8991444706916809,0.8964574933052063,0.897799015045166
0.9002429246902466,0.884669840335846,0.8923884034156799
0.8932383060455322,0.8856847882270813,0.8894455432891846
0.8611616492271423,0.8802333474159241,0.8705930709838867
0.8923848867416382,0.8691454529762268,0.8806118965148926
0.9432774782180786,0.9411407113075256,0.9422078132629395
0.8826702237129211,0.8595660924911499,0.8709649443626404
0.8514459133148193,0.8671000003814697,0.8592016696929932
0.8688033223152161,0.8682541251182556,0.8685286641120911
0.9313400387763977,0.9214181303977966,0.9263525009155273
0.8760753273963928,0.8934639692306519,0.884684145450592
0.9076589941978455,0.9177222847938538,0.912662923336029
0.8729264140129089,0.8848060369491577,0.8788261413574219
0.895109236240387,0.9099702835083008,0.9024786353111267
0.8556556105613708,0.8461839556694031,0.8508934378623962
0.858012855052948,0.8523709774017334,0.8551825881004333
0.9237527251243591,0.9244776368141174,0.924115002155304
0.8660550713539124,0.9070644378662109,0.886085569858551
0.872253954410553,0.8664931058883667,0.8693639636039734
0.9017139077186584,0.9152644872665405,0.9084386229515076
0.8882858753204346,0.890803337097168,0.889542818069458
0.8894554972648621,0.8701517581939697,0.8796976804733276
0.9023101329803467,0.8953757882118225,0.8988295793533325
0.9342573285102844,0.9098268747329712,0.9218802452087402
0.9062113165855408,0.8942068815231323,0.9001691341400146
0.8923067450523376,0.881973147392273,0.8871098756790161
0.9335436820983887,0.9170541167259216,0.9252254366874695
0.8806743621826172,0.8828959465026855,0.8817837834358215
0.8785377740859985,0.9010934829711914,0.8896726965904236
0.9072194695472717,0.9003178477287292,0.9037554860115051
0.8999494314193726,0.8831211924552917,0.891455888748169
0.8797765970230103,0.8921089172363281,0.8858998417854309
0.9090154767036438,0.8934035301208496,0.9011419415473938
0.8597720265388489,0.8703500628471375,0.8650286793708801
0.9125331044197083,0.9019683003425598,0.9072199463844299
0.9595651626586914,0.964111328125,0.9618328809738159
0.8823309540748596,0.8870757222175598,0.8846969604492188
0.9343065619468689,0.9406258463859558,0.9374555349349976
0.9082062244415283,0.903802216053009,0.9059988856315613
0.8857610821723938,0.8995985388755798,0.8926262259483337
0.9302008152008057,0.8916075825691223,0.910495400428772
0.8873371481895447,0.880577027797699,0.8839442133903503
0.8872228264808655,0.9002901911735535,0.8937087655067444
0.9224824905395508,0.932283878326416,0.9273573160171509
0.8653469085693359,0.8680732250213623,0.8667079210281372
0.8827691674232483,0.8791788220405579,0.8809703588485718
0.9200607538223267,0.8992549777030945,0.9095389246940613
0.9115961194038391,0.8912807703018188,0.9013239145278931
0.9292000532150269,0.9124636054039001,0.9207558035850525
0.9219834804534912,0.917327880859375,0.9196498394012451
0.9095070362091064,0.931890606880188,0.9205628037452698
0.8697246313095093,0.8737695217132568,0.8717424273490906
0.872681736946106,0.8900377750396729,0.8812742829322815
0.9081755876541138,0.888025164604187,0.8979873657226562
0.9053099155426025,0.9020349383354187,0.9036694169044495
0.8848947286605835,0.8916678428649902,0.8882683515548706
0.9517116546630859,0.9285953044891357,0.9400113821029663
0.9014698266983032,0.9132972955703735,0.9073449969291687
0.876685380935669,0.872439980506897,0.8745575547218323
0.8921340107917786,0.9214372634887695,0.9065489172935486
0.862788736820221,0.8990854620933533,0.8805632591247559
0.867500901222229,0.885306715965271,0.876313328742981
0.8994988203048706,0.8799604177474976,0.8896223306655884
0.8849116563796997,0.8773320913314819,0.8811056017875671
0.9127960205078125,0.9177767634391785,0.9152795672416687
0.8707367181777954,0.8734550476074219,0.8720937371253967
0.9209024906158447,0.9419272541999817,0.9312962889671326
0.8798368573188782,0.875739336013794,0.8777833580970764
0.8666199445724487,0.8581396341323853,0.8623589277267456
0.9175233244895935,0.8748424053192139,0.8956746459007263
0.8659216165542603,0.867218017578125,0.8665693402290344
0.8742169141769409,0.8773777484893799,0.875794529914856
0.8989951610565186,0.8943207859992981,0.8966519236564636
0.9063271880149841,0.8835678696632385,0.8948028087615967
0.8722098469734192,0.849890410900116,0.8609054684638977
0.9105120897293091,0.9025070667266846,0.9064919352531433
0.8494523763656616,0.8580338358879089,0.853721559047699
0.8526050448417664,0.8584489226341248,0.8555169701576233
0.9032005667686462,0.908735990524292,0.9059597849845886
0.8848534226417542,0.8921753168106079,0.8884992599487305
0.9004511833190918,0.9067353010177612,0.9035822749137878
0.9035424590110779,0.9180036187171936,0.910715639591217
0.8450929522514343,0.8706103563308716,0.8576619029045105
0.9024769067764282,0.8971688151359558,0.8998150825500488
0.8759320974349976,0.885827898979187,0.880852222442627
0.9294584393501282,0.9263260960578918,0.9278895854949951
0.8647520542144775,0.89284747838974,0.8785752058029175
0.8921012878417969,0.820461094379425,0.8547828197479248
0.9073019027709961,0.9094215631484985,0.908360481262207
0.9146884083747864,0.8723087906837463,0.892996072769165
0.9416502118110657,0.9346703886985779,0.9381473064422607
0.8571999669075012,0.8524078130722046,0.8547971248626709
0.8396514654159546,0.8903419971466064,0.8642540574073792
0.830668032169342,0.8409430384635925,0.8357739448547363
0.885512113571167,0.899465024471283,0.8924340009689331
0.8868324756622314,0.8890274167060852,0.8879286646842957
0.9056979417800903,0.8998768925666809,0.9027779698371887
0.8653322458267212,0.8629570603370667,0.8641430139541626
0.8757985830307007,0.8917244672775269,0.883689820766449
0.9046136736869812,0.9563581943511963,0.9297665357589722
0.9096565842628479,0.9259696006774902,0.9177406430244446
0.9554184079170227,0.9261289238929749,0.9405456781387329
0.9159385561943054,0.8875530362129211,0.9015223979949951
0.889977216720581,0.8881886601448059,0.8890820741653442
0.8585075736045837,0.8903353810310364,0.8741318583488464
0.9266156554222107,0.9270414710044861,0.9268285036087036
0.92839115858078,0.9270645976066589,0.9277274012565613
0.8987365365028381,0.893758237361908,0.8962404727935791
0.9128466248512268,0.9068140387535095,0.9098203778266907
0.9282571077346802,0.8756622076034546,0.9011929631233215
0.9034407734870911,0.8843345046043396,0.8937855958938599
0.8484665751457214,0.8422011733055115,0.8453222513198853
0.869799792766571,0.9002774357795715,0.88477623462677
0.8209882974624634,0.8788430690765381,0.8489311337471008
0.9034786820411682,0.871145486831665,0.8870176076889038
0.8718119859695435,0.8645471334457397,0.8681643605232239
0.8629240989685059,0.9044754505157471,0.8832113742828369
0.9164798855781555,0.9101550579071045,0.9133065342903137
0.9315458536148071,0.8992199897766113,0.9150975346565247
0.8455983400344849,0.9279599189758301,0.8848667740821838
0.8832405805587769,0.9255274534225464,0.9038897156715393
0.8563387393951416,0.8705626130104065,0.863392174243927
0.8727423548698425,0.905137300491333,0.8886446952819824
0.8894702196121216,0.9361245632171631,0.9122012257575989
0.8943974375724792,0.9368627071380615,0.9151376485824585
0.8549805879592896,0.9004313945770264,0.8771176338195801
0.9006222486495972,0.9139315485954285,0.9072281122207642
0.884655773639679,0.9303340911865234,0.9069201350212097
0.8860748410224915,0.9229241609573364,0.9041242003440857
0.8786035180091858,0.8831000924110413,0.8808460235595703
0.9500201940536499,0.8949987292289734,0.9216890931129456
0.89811772108078,0.952926754951477,0.9247108101844788
0.8547385334968567,0.9155222773551941,0.8840868473052979
0.9236219525337219,0.9681715965270996,0.9453722238540649
0.9011250138282776,0.8819073438644409,0.891412615776062
0.887056291103363,0.9323322772979736,0.909130871295929
0.8776036500930786,0.8766860961914062,0.8771446347236633
0.8704738616943359,0.9457059502601624,0.9065317511558533
0.912859320640564,0.9342176914215088,0.9234150052070618
0.8936437964439392,0.8825439214706421,0.8880591988563538
0.8466765880584717,0.8911665678024292,0.8683521151542664
0.8823989033699036,0.937504768371582,0.909117579460144
0.9069901704788208,0.9339596629142761,0.9202773571014404
0.9550079107284546,0.9532484412193298,0.9541273713111877
0.877824068069458,0.8730738162994385,0.8754425048828125
0.9070282578468323,0.9023741483688354,0.9046951532363892
0.9520042538642883,0.9824360013008118,0.9669807553291321
0.9024375677108765,0.9072211384773254,0.9048230051994324
0.8214260339736938,0.9073151350021362,0.8622369170188904
0.8787717819213867,0.8895863890647888,0.884145975112915
0.8494905829429626,0.8702470660209656,0.859743595123291
0.822701632976532,0.90385502576828,0.8613710999488831
0.9253231287002563,0.9612532258033752,0.9429460167884827
0.8958292007446289,0.8917179703712463,0.8937689065933228
0.9270778894424438,0.8843347430229187,0.9052020311355591
0.9141445755958557,0.8973802328109741,0.9056848287582397
0.9100675582885742,0.8931615948677063,0.9015353322029114
0.9266649484634399,0.8930894732475281,0.9095674753189087
0.8290981650352478,0.8679831624031067,0.848095178604126
0.8684400320053101,0.901309609413147,0.884569525718689
0.900543749332428,0.8934754133224487,0.8969956636428833
0.8759063482284546,0.8617755770683289,0.8687835335731506
0.8664572834968567,0.8578276038169861,0.8621208667755127
0.8658190965652466,0.9255452752113342,0.8946864604949951
0.8661379218101501,0.8999367356300354,0.8827139139175415
0.8759374618530273,0.919548511505127,0.897213339805603
0.9023216366767883,0.9111911058425903,0.9067346453666687
0.8824672698974609,0.872887909412384,0.8776515126228333
0.8890782594680786,0.8938801288604736,0.8914727568626404
0.8537164926528931,0.9064446687698364,0.879290759563446
0.8551017642021179,0.8825021982192993,0.868586003780365
0.8499025702476501,0.8434953689575195,0.846686840057373
0.8904466032981873,0.9247708916664124,0.9072842001914978
0.9386410713195801,0.9745075702667236,0.9562381505966187
0.8701106309890747,0.8850505948066711,0.87751704454422
0.8820493221282959,0.8351125121116638,0.8579393625259399
0.8332287073135376,0.8567600846290588,0.8448305130004883
0.8869427442550659,0.962489902973175,0.9231733083724976
0.9162260890007019,0.8913695812225342,0.9036268591880798
0.8926984071731567,0.9048702120780945,0.8987431526184082
0.8895870447158813,0.9546475410461426,0.9209697246551514
0.8720295429229736,0.8701958656311035,0.8711117506027222
0.8503679037094116,0.9240016937255859,0.8856569528579712
0.9279512166976929,0.8968891501426697,0.9121558666229248
0.9542913436889648,0.9693317413330078,0.961752712726593
0.8447114825248718,0.8584085702896118,0.851504921913147
0.843356192111969,0.887651264667511,0.8649370074272156
0.9030097126960754,0.890713632106781,0.896819531917572
0.8990514874458313,0.8979858160018921,0.8985183238983154
0.9106241464614868,0.9309840202331543,0.9206915497779846
0.8923360109329224,0.8882359862327576,0.8902813196182251
0.8696228265762329,0.8503080606460571,0.8598569631576538
0.8762089014053345,0.8812646269798279,0.878729522228241
0.9031129479408264,0.9029718041419983,0.9030423760414124
0.9768379330635071,0.9889165163040161,0.9828400611877441
0.8831415772438049,0.8621013760566711,0.872494637966156
0.8355100154876709,0.9380128383636475,0.8837993144989014
0.8902602195739746,0.8595789670944214,0.8746505975723267
0.872389554977417,0.9233512878417969,0.8971472978591919
0.8818985819816589,0.9067170023918152,0.894135594367981
0.8952999711036682,0.8758705258369446,0.885478675365448
0.8656657934188843,0.8735572099685669,0.869593620300293
0.8783522248268127,0.9202442169189453,0.8988103866577148
0.8330872654914856,0.8716855645179749,0.8519494533538818
0.8768467903137207,0.8927234411239624,0.884713888168335
0.935401201248169,0.9529371857643127,0.9440878033638
0.9068025350570679,0.8753327131271362,0.8907897472381592
0.8712689876556396,0.9447508454322815,0.9065232872962952
0.8716741800308228,0.9287295341491699,0.899297833442688
0.894130289554596,0.9202721118927002,0.907012939453125
0.9047795534133911,0.9030883312225342,0.9039331674575806
0.9277430176734924,0.934817373752594,0.9312667846679688
0.8932915329933167,0.9154112339019775,0.9042161703109741
0.9122422337532043,0.964861273765564,0.9378142356872559
0.8505479097366333,0.9002330899238586,0.8746854662895203
0.9117255806922913,0.9359256029129028,0.9236670732498169
0.9224727153778076,0.9418519139289856,0.9320616126060486
0.9006268382072449,0.9105334877967834,0.9055530428886414
0.8408488631248474,0.9012418389320374,0.8699985146522522
0.8768754601478577,0.9004960656166077,0.8885288238525391
0.8706691265106201,0.8516440391540527,0.8610515594482422
0.9643554091453552,0.9874511957168579,0.975766658782959
0.875667929649353,0.862683117389679,0.8691270351409912
0.937087893486023,0.9310566782951355,0.9340626001358032
0.8040865659713745,0.816328763961792,0.8101614713668823
0.8682351112365723,0.9505441784858704,0.9075272083282471
0.9151676893234253,0.9603399038314819,0.9372097849845886
0.9086802005767822,0.9191224575042725,0.9138715267181396
0.9999999403953552,0.9999999403953552,0.9999999403953552
0.9114635586738586,0.9643656015396118,0.9371685981750488
0.8654630184173584,0.8481802344322205,0.8567344546318054
0.8948088884353638,0.96117103099823,0.9268035292625427
0.8748677968978882,0.9036634564399719,0.8890324831008911
0.8874636888504028,0.9032043814659119,0.8952649235725403
0.9534466862678528,0.9655579924583435,0.9594640731811523
0.8490028977394104,0.8633061051368713,0.8560947775840759
0.9218367338180542,0.887033224105835,0.9041001200675964
0.9192683100700378,0.9222780466079712,0.9207707643508911
0.9618813395500183,0.987614095211029,0.9745779037475586
0.9461784362792969,0.980315089225769,0.9629443287849426
0.8745676279067993,0.8902465105056763,0.8823374509811401
0.8928946256637573,0.8996884822845459,0.8962786793708801
0.8942598104476929,0.9070987701416016,0.9006335139274597
0.8843647241592407,0.8943939208984375,0.8893510699272156
0.8451054096221924,0.8532931804656982,0.8491795659065247
0.8685935735702515,0.8965268135070801,0.8823391795158386
0.8725802302360535,0.8986552357673645,0.8854258060455322
0.8948472142219543,0.8873608112335205,0.8910883069038391
0.8815866708755493,0.889031171798706,0.8852933049201965
0.8318442702293396,0.901039183139801,0.8650602698326111
0.8762444853782654,0.8977069854736328,0.8868458271026611
0.8736602067947388,0.8790526986122131,0.8763481378555298
0.8986318111419678,0.9143166542053223,0.9064064025878906
0.863093912601471,0.885749101638794,0.8742747902870178
0.9522398710250854,0.9522819519042969,0.9522609114646912
0.8654245734214783,0.9331756830215454,0.8980240821838379
0.9664818048477173,0.9066263437271118,0.9355977177619934
0.9545766115188599,0.9519809484481812,0.9532769918441772
0.8894160389900208,0.9660618305206299,0.9261559247970581
0.9398625493049622,0.8938592672348022,0.9162838459014893
0.880062997341156,0.8799959421157837,0.8800294995307922
0.8511942625045776,0.9000498652458191,0.8749406337738037
0.9114806652069092,0.9488494396209717,0.9297897219657898
0.9348113536834717,0.9300573468208313,0.9324283003807068
0.8868522644042969,0.8769941926002502,0.8818956613540649
0.8713362216949463,0.9326217770576477,0.9009380340576172
0.8836972117424011,0.8673230409622192,0.8754335641860962
0.9516395330429077,0.9127905368804932,0.9318103194236755
0.9398865103721619,0.8927755951881409,0.9157255291938782
0.9196981191635132,0.9505633115768433,0.934876024723053
0.8293853402137756,0.8550513386726379,0.8420228362083435
0.945381760597229,0.9441286325454712,0.9447547793388367
0.9022811651229858,0.9172739386558533,0.9097157716751099
0.9392039775848389,0.902755618095398,0.9206191897392273
0.8653831481933594,0.8657354712486267,0.8655592799186707
0.9149879813194275,0.8924630284309387,0.9035851359367371
0.9482997059822083,0.9773831367492676,0.9626218676567078
0.9586387276649475,0.9187652468681335,0.9382785558700562
0.8738020062446594,0.8930877447128296,0.8833395838737488
0.913703441619873,0.9124343395233154,0.9130684733390808
0.9150769114494324,0.9203544855117798,0.917708158493042
0.9111237525939941,0.967960000038147,0.9386823177337646
0.9013272523880005,0.8453549146652222,0.8724442720413208
0.8879259824752808,0.8731051087379456,0.8804531097412109
0.9387997984886169,0.9727376103401184,0.9554674029350281
0.8978415131568909,0.9015002250671387,0.8996671438217163
0.930218517780304,0.957725465297699,0.9437716007232666
0.933546781539917,0.965843677520752,0.9494206309318542
0.9182665348052979,0.8873443007469177,0.9025405645370483
0.8429041504859924,0.8651653528213501,0.8538896441459656
0.9528726935386658,0.979933500289917,0.9662136435508728
0.8859304189682007,0.8443319797515869,0.864631175994873
0.862934947013855,0.8988513350486755,0.8805270195007324
0.8285260200500488,0.8802465200424194,0.8536036014556885
0.9330920577049255,0.9422509074211121,0.937649130821228
0.8652077913284302,0.8241351842880249,0.8441721796989441
0.9185275435447693,0.8812879323959351,0.8995224833488464
0.8935392498970032,0.9046499729156494,0.8990603089332581
0.8579679727554321,0.9360396862030029,0.8953050374984741
0.9219755530357361,0.9033071994781494,0.9125458598136902
0.9085375070571899,0.9455738067626953,0.9266857504844666
0.8755630254745483,0.9084621071815491,0.8917091488838196
0.8554967641830444,0.8843480348587036,0.8696831464767456
0.8554555773735046,0.8782898187637329,0.8667224049568176
0.9543622136116028,0.905419111251831,0.9292466640472412
0.944521963596344,0.9222913384437561,0.9332743287086487
0.8801528215408325,0.8883659839630127,0.8842403292655945
0.8758304119110107,0.8773744106292725,0.8766017556190491
0.9236975908279419,0.8948483467102051,0.9090441465377808
0.8895938992500305,0.9004067182540894,0.8949676156044006
0.9508330821990967,0.9127399325370789,0.9313971400260925
0.8776143789291382,0.9130643606185913,0.894988477230072
0.8933406472206116,0.888156533241272,0.8907410502433777
0.9333544969558716,0.8956339955329895,0.914105236530304
0.8678568601608276,0.9230799078941345,0.8946170210838318
0.9057385325431824,0.944993793964386,0.9249498248100281
0.8904891610145569,0.9116177558898926,0.9009296298027039
0.8737499713897705,0.8798816800117493,0.8768051266670227
0.8943331837654114,0.9399625062942505,0.9165802597999573
0.8598083257675171,0.8802587985992432,0.8699133396148682
0.8630537986755371,0.8815062642097473,0.8721824288368225
0.8918364644050598,0.9556383490562439,0.9226356744766235
0.9182023406028748,0.9230884313583374,0.9206389784812927
0.8749938011169434,0.8627582788467407,0.8688329458236694
0.8456580638885498,0.8189906477928162,0.8321107625961304
0.8520731329917908,0.878259003162384,0.864967942237854
0.8499649167060852,0.8709421753883362,0.8603256940841675
0.8707993030548096,0.834152340888977,0.8520819544792175
0.8557624220848083,0.8874582052230835,0.8713221549987793
0.8465921878814697,0.8563198447227478,0.851428210735321
0.8440809845924377,0.7549976706504822,0.7970579266548157
0.8656875491142273,0.8724541068077087,0.8690577149391174
0.8589567542076111,0.8904152512550354,0.874403178691864
0.8779565095901489,0.8685444593429565,0.8732251524925232
0.8597627282142639,0.8151065707206726,0.8368393778800964
0.8486970067024231,0.8856293559074402,0.8667699098587036
0.8630730509757996,0.8737967014312744,0.8684017658233643
0.8454447388648987,0.8013477325439453,0.8228058815002441
0.870453953742981,0.8791319131851196,0.8747714161872864
0.843806803226471,0.8862743973731995,0.8645193576812744
0.8644455671310425,0.8477786779403687,0.8560310006141663
0.8455333113670349,0.8532904982566833,0.8493942022323608
0.8496583104133606,0.8658826351165771,0.8576937913894653
0.8533889651298523,0.8660756349563599,0.8596855401992798
0.8350372314453125,0.8536912798881531,0.8442611694335938
0.8366876244544983,0.8581832647323608,0.8472991585731506
0.8929026126861572,0.9019353985786438,0.8973963260650635
0.8822777271270752,0.8915644884109497,0.8868967890739441
0.8435246348381042,0.8569030165672302,0.8501611948013306
0.8671594262123108,0.8450302481651306,0.8559517860412598
0.8233113288879395,0.8393294811248779,0.8312432765960693
0.848959743976593,0.8278002738952637,0.8382465243339539
0.8563850522041321,0.8237301111221313,0.8397402167320251
0.8751668930053711,0.8628829121589661,0.8689814805984497
0.8533446788787842,0.867807149887085,0.8605151176452637
0.8522923588752747,0.8613165616989136,0.8567807078361511
0.8734203577041626,0.7860531210899353,0.8274369239807129
0.8002504706382751,0.8194106817245483,0.8097172379493713
0.8373652696609497,0.8537914752960205,0.8454985618591309
0.8567792773246765,0.8622440695762634,0.8595029711723328
0.8399714827537537,0.8818376660346985,0.8603955507278442
0.8290767669677734,0.8569244146347046,0.8427706360816956
0.8687741160392761,0.8521643877029419,0.8603891730308533
0.8589838147163391,0.8352984189987183,0.846975564956665
0.8813220858573914,0.8986061811447144,0.8898802399635315
0.8819290399551392,0.8742464184761047,0.8780709505081177
0.8531924486160278,0.8762257099151611,0.8645557165145874
0.8398375511169434,0.8780097365379333,0.8584995269775391
0.8704316020011902,0.8750942945480347,0.8727567791938782
0.8239415287971497,0.8522545099258423,0.8378588557243347
0.8494008183479309,0.8604500889778137,0.8548897504806519
0.852779746055603,0.8711283206939697,0.8618564009666443
0.8384724855422974,0.8649135231971741,0.8514877557754517
0.836708664894104,0.8470776081085205,0.8418611884117126
0.824438214302063,0.8752812743186951,0.849099338054657
0.8511250615119934,0.8184446096420288,0.834464967250824
0.8643882870674133,0.8655252456665039,0.8649563789367676
0.8570849895477295,0.8464316725730896,0.8517249822616577
0.7876344323158264,0.8581697940826416,0.8213906288146973
0.8758138418197632,0.8605465888977051,0.868113100528717
0.821507453918457,0.7720834612846375,0.7960290312767029
0.8483534455299377,0.8136067390441895,0.8306168913841248
0.8544425368309021,0.8702155351638794,0.8622569441795349
0.8801181316375732,0.8921937942504883,0.8861148357391357
0.868750810623169,0.8735189437866211,0.8711283802986145
0.844642162322998,0.878209114074707,0.8610986471176147
0.8454890847206116,0.8631179332733154,0.8542125821113586
0.8741785287857056,0.8625379204750061,0.8683191537857056
0.8435624837875366,0.8626686334609985,0.8530085682868958
0.8837605714797974,0.8899524807929993,0.8868457078933716
0.8432269096374512,0.86150723695755,0.8522691130638123
0.8596712946891785,0.8896443247795105,0.8744010329246521
0.8444437980651855,0.8850946426391602,0.8642914891242981
0.850452721118927,0.8689440488815308,0.8595989346504211
0.8262434005737305,0.8625249862670898,0.8439944982528687
0.8560068607330322,0.7797947525978088,0.8161255121231079
0.8582931160926819,0.8427945375442505,0.8504732251167297
0.8576959371566772,0.8730083107948303,0.8652843236923218
0.8553761839866638,0.8727033138275146,0.8639528751373291
0.842043399810791,0.8700552582740784,0.8558202385902405
0.8321032524108887,0.8659897446632385,0.8487083911895752
0.8991267681121826,0.9121640920639038,0.905598521232605
0.8397340774536133,0.8329270482063293,0.836316704750061
0.8763551712036133,0.8562379479408264,0.8661797642707825
0.8313333988189697,0.8662441968917847,0.848429799079895
0.8265226483345032,0.8712619543075562,0.8483027815818787
0.8419501781463623,0.8462769985198975,0.844107985496521
0.8408563733100891,0.8503974676132202,0.8456000089645386
0.8393779397010803,0.8475640416145325,0.8434511423110962
0.8468183279037476,0.8589785695075989,0.8528550863265991
0.8754953742027283,0.8821641206741333,0.878817081451416
0.8457844853401184,0.8391467332839966,0.8424525260925293
0.8528374433517456,0.8386598825454712,0.8456892371177673
0.857833206653595,0.8832404017448425,0.8703514337539673
0.8422014713287354,0.8558677434921265,0.848979651927948
0.8435825705528259,0.8457112908363342,0.844645619392395
0.8059796094894409,0.802399754524231,0.804185688495636
0.8716716170310974,0.874467134475708,0.8730670809745789
0.850579559803009,0.856526255607605,0.8535425066947937
0.8658252954483032,0.896746039390564,0.8810144662857056
0.8701733350753784,0.8810910582542419,0.8755981922149658
0.8910730481147766,0.8455291390419006,0.8677038550376892
0.8197643756866455,0.8433359861373901,0.8313831686973572
0.8291423320770264,0.8528152704238892,0.8408122062683105
0.8530071973800659,0.8547317385673523,0.8538686037063599
0.8706427216529846,0.8941550850868225,0.8822422623634338
0.8426624536514282,0.8172490000724792,0.8297612071037292
0.7996516823768616,0.8344784379005432,0.816693902015686
0.8771508932113647,0.8808481097221375,0.8789956569671631
0.840972363948822,0.8648698925971985,0.852753758430481
0.8572690486907959,0.8645387887954712,0.8608885407447815
0.8427014946937561,0.8683687448501587,0.8553425669670105
0.8383689522743225,0.8349471092224121,0.836654543876648
0.869782567024231,0.8225735425949097,0.8455196022987366
0.8564249873161316,0.8575488924980164,0.8569865822792053
0.870566725730896,0.8695621490478516,0.8700641393661499
0.8500624895095825,0.8705387711524963,0.8601787686347961
0.8474411368370056,0.8498893976211548,0.8486635088920593
0.8329809904098511,0.8190966248512268,0.8259804248809814
0.8493924736976624,0.8401275277137756,0.8447346091270447
0.8363445997238159,0.7572871446609497,0.7948548793792725
0.8695152997970581,0.8782187700271606,0.8738453984260559
0.8592033386230469,0.8858776688575745,0.8723366856575012
0.8379529714584351,0.8523101806640625,0.8450706005096436
0.8936458826065063,0.8959877490997314,0.8948153257369995
0.852146565914154,0.857509970664978,0.8548198342323303
0.8149276375770569,0.8597658276557922,0.8367465138435364
0.8328526616096497,0.8490149974822998,0.8408561944961548
0.8457754850387573,0.871812641620636,0.858596682548523
0.8447773456573486,0.8842450380325317,0.8640607595443726
0.8579016327857971,0.8685619235038757,0.8631988167762756
0.8593268394470215,0.8420735597610474,0.8506127595901489
0.848046600818634,0.8451311588287354,0.8465864062309265
0.8501143455505371,0.8597673773765564,0.854913592338562
0.8402625322341919,0.8658795952796936,0.852878749370575
0.8373135328292847,0.8739876747131348,0.8552576303482056
0.8484265208244324,0.8752062916755676,0.8616083860397339
0.8359274864196777,0.8534538745880127,0.8445997834205627
0.8507702350616455,0.8654877543449402,0.8580658435821533
0.8447745442390442,0.847381055355072,0.8460757732391357
0.849022388458252,0.8647591471672058,0.8568184971809387
0.8498008251190186,0.8756123781204224,0.8625134825706482
0.8522641062736511,0.8264049887657166,0.8391353487968445
0.8563226461410522,0.8527489900588989,0.8545320630073547
0.8359373211860657,0.8748950362205505,0.8549726009368896
0.8400536775588989,0.8564952611923218,0.8481947779655457
0.8584275245666504,0.836100697517395,0.847117006778717
0.8563619256019592,0.8757520318031311,0.865948498249054
0.8285631537437439,0.8468811511993408,0.8376219272613525
0.9160464406013489,0.8855644464492798,0.9005475044250488
0.8513684272766113,0.8590309619903564,0.8551825284957886
0.8552817106246948,0.8523641228675842,0.8538203835487366
0.8321409821510315,0.8331634402275085,0.8326518535614014
0.8631184697151184,0.8428454995155334,0.8528615236282349
0.8710774183273315,0.8444307446479797,0.8575471043586731
0.8232035636901855,0.8168178200721741,0.8199982643127441
0.848076343536377,0.8618786931037903,0.854921817779541
0.8486391305923462,0.8644038438796997,0.8564489483833313
0.8815001249313354,0.8715785145759583,0.8765111565589905
0.8504718542098999,0.8191023468971252,0.8344923853874207
0.858482837677002,0.9011721611022949,0.8793096542358398
0.8234871029853821,0.8169867992401123,0.8202240467071533
0.8538030982017517,0.8883622884750366,0.8707399368286133
0.8552021384239197,0.8657665252685547,0.860451877117157
0.8273821473121643,0.8399074077606201,0.8335977792739868
0.8312664031982422,0.8717893958091736,0.8510457873344421
0.8560788631439209,0.8946630954742432,0.8749458193778992
0.842712938785553,0.8533356189727783,0.8479910492897034
0.8402458429336548,0.7907972931861877,0.8147719502449036
0.8257904648780823,0.8262556195259094,0.8260229825973511
0.8553075790405273,0.8727182745933533,0.8639251589775085
0.8800065517425537,0.9333910942077637,0.9059129953384399
0.8288559317588806,0.8524868488311768,0.8405053019523621
0.839566707611084,0.7795944213867188,0.8084698915481567
0.8399235606193542,0.8677961230278015,0.853632390499115
0.8343332409858704,0.8450729846954346,0.8396687507629395
0.8573653697967529,0.88338303565979,0.8701797723770142
0.82581627368927,0.8362454175949097,0.8309981226921082
0.8593771457672119,0.8394782543182373,0.8493111729621887
0.8434536457061768,0.8319970965385437,0.8376861810684204
0.853290319442749,0.8100495338439941,0.8311078548431396
0.8190627098083496,0.8571240901947021,0.8376613259315491
0.8494197130203247,0.8049927353858948,0.8266096711158752
0.825788140296936,0.8217602968215942,0.8237692713737488
0.830156683921814,0.8689663410186768,0.8491182923316956
0.8485897779464722,0.8549718856811523,0.8517689108848572
0.8729662895202637,0.8691319823265076,0.8710448741912842
0.8820863366127014,0.8596016764640808,0.870698869228363
0.8493918180465698,0.8406214714050293,0.8449838757514954
0.8963671326637268,0.8613564968109131,0.8785131573677063
0.8449496030807495,0.8581176996231079,0.8514826893806458
0.845003604888916,0.7626002430915833,0.8016899824142456
0.8823529481887817,0.8656683564186096,0.8739309906959534
0.8198350667953491,0.8549540042877197,0.8370263576507568
0.8561769127845764,0.8300517797470093,0.842911958694458
0.8589367866516113,0.9015511870384216,0.8797281980514526
0.82402503490448,0.8570433855056763,0.8402099609375
0.8608874082565308,0.881440281867981,0.8710426092147827
0.9042497873306274,0.8847470879554749,0.8943921327590942
0.8292257189750671,0.8384907841682434,0.8338325023651123
0.8621759414672852,0.8927114009857178,0.8771780133247375
0.8685381412506104,0.8796566724777222,0.8740620613098145
0.916767418384552,0.8748865723609924,0.8953375220298767
0.8555555939674377,0.8781601786613464,0.8667105436325073
0.8335620760917664,0.8604004383087158,0.8467686176300049
0.8576689958572388,0.855755090713501,0.8567109704017639
0.8634507656097412,0.8440658450126648,0.8536482453346252
0.8789373636245728,0.9104486703872681,0.894415557384491
0.8696648478507996,0.8113340139389038,0.8394874334335327
0.8373028039932251,0.8796492218971252,0.8579537868499756
0.8323870897293091,0.8057520985603333,0.8188530206680298
0.8398212194442749,0.8260859847068787,0.8328970670700073
0.8159747123718262,0.7631143927574158,0.7886597514152527
0.8381083607673645,0.8637555837631226,0.8507386445999146
0.8960294127464294,0.8899333477020264,0.8929709196090698
0.8438934683799744,0.8688408732414246,0.8561854958534241
0.8688168525695801,0.8399003744125366,0.8541139364242554
0.8820237517356873,0.8752873539924622,0.8786426186561584
0.8525761961936951,0.8567452430725098,0.8546556234359741
0.8774017095565796,0.8872614502906799,0.8823040127754211
0.8369634747505188,0.8749570846557617,0.8555387258529663
0.8447710871696472,0.8716825842857361,0.8580158352851868
0.8435004949569702,0.857633113861084,0.8505080938339233
0.8658729195594788,0.8717832565307617,0.8688180446624756
0.8156861662864685,0.8409115672111511,0.8281068205833435
0.8436850309371948,0.8669278025627136,0.8551485538482666
0.87651526927948,0.882090151309967,0.8792937994003296
0.831824779510498,0.8433544039726257,0.8375498652458191
0.8452868461608887,0.881921648979187,0.8632157444953918
0.8827061057090759,0.9109804630279541,0.8966203927993774
0.8551278114318848,0.8304204344749451,0.8425930142402649
0.8338190317153931,0.8064799904823303,0.819921612739563
0.8200241923332214,0.7866361737251282,0.802983283996582
0.8343562483787537,0.8687391877174377,0.8512006402015686
0.8538495302200317,0.8862192034721375,0.8697332739830017
0.8454742431640625,0.8411023020744324,0.8432825803756714
0.8302510976791382,0.8466067910194397,0.8383491635322571
0.8484017848968506,0.8757809400558472,0.861873984336853
0.8427398204803467,0.8817853331565857,0.8618205189704895
0.883795976638794,0.8665891289710999,0.875108003616333
0.8749340176582336,0.8768260478973389,0.8758790493011475
0.8516345620155334,0.8635023832321167,0.8575273752212524
0.8418892621994019,0.8504040837287903,0.8461252450942993
0.888868510723114,0.8760082721710205,0.8823915123939514
0.8277915120124817,0.8094655275344849,0.8185259103775024
0.8791543245315552,0.8936896920204163,0.8863623738288879
0.8930557370185852,0.8978368043899536,0.895439863204956
0.8137925863265991,0.868090808391571,0.8400652408599854
0.8540887832641602,0.7933841347694397,0.8226180672645569
0.8495879173278809,0.820292055606842,0.8346830010414124
0.8589789867401123,0.8732937574386597,0.866077184677124
0.8244823217391968,0.8438313603401184,0.8340445756912231
0.8282157778739929,0.8138883113861084,0.8209894895553589
0.8837039470672607,0.9058794379234314,0.8946542739868164
0.824494481086731,0.7931714057922363,0.8085297346115112
0.8651213049888611,0.8209257125854492,0.8424442410469055
0.8132200837135315,0.8663461804389954,0.8389429450035095
0.8629518151283264,0.8642821311950684,0.8636164665222168
0.8285821676254272,0.829277515411377,0.8289296627044678
0.8764533996582031,0.8584214448928833,0.8673436641693115
0.8433141112327576,0.7702207565307617,0.805111825466156
0.8684508204460144,0.9071035385131836,0.8873564004898071
0.8359990119934082,0.8373554944992065,0.8366767168045044
0.8323742151260376,0.780856728553772,0.8057928681373596
0.8213605880737305,0.8470944762229919,0.8340290784835815
0.8250424265861511,0.8550742864608765,0.8397899866104126
0.8936986923217773,0.9172341227531433,0.9053134322166443
0.858298122882843,0.8555188775062561,0.8569062352180481
0.8457517623901367,0.8689156174659729,0.8571773171424866
0.8276237845420837,0.7869678735733032,0.8067839741706848
0.8799639940261841,0.8897900581359863,0.8848497271537781
0.8375136852264404,0.8647264242172241,0.8509025573730469
0.8610530495643616,0.8593047857284546,0.8601779937744141
0.8623834848403931,0.8815697431564331,0.8718710541725159
0.9003711938858032,0.8574054837226868,0.8783631920814514
0.8685876131057739,0.8242691159248352,0.8458482027053833
0.8432949781417847,0.8549006581306458,0.8490581512451172
0.8428856134414673,0.8894714117050171,0.8655521273612976
0.8747113347053528,0.904229462146759,0.8892254829406738
0.8787072896957397,0.915179967880249,0.8965728878974915
0.84938645362854,0.8651031255722046,0.8571727871894836
0.8831245303153992,0.8512595295906067,0.866899311542511
0.8455885648727417,0.8698450922966003,0.8575453758239746
0.8461159467697144,0.8586843013763428,0.8523537516593933
0.8383452892303467,0.8591946363449097,0.8486418724060059
0.8708407878875732,0.8907442092895508,0.8806800842285156
0.8506951332092285,0.8550764918327332,0.8528801798820496
0.8620520830154419,0.8715802431106567,0.8667899370193481
0.8554064035415649,0.865473747253418,0.8604106307029724
0.8492609858512878,0.8722932934761047,0.8606230616569519
0.8527082204818726,0.8810696005821228,0.8666569590568542
0.8562614321708679,0.8761408925056458,0.8660870790481567
0.8295528888702393,0.8316662907600403,0.8306083083152771
0.8385601043701172,0.847255527973175,0.8428853750228882
0.8643670678138733,0.879429042339325,0.8718329668045044
0.8535270690917969,0.8958690762519836,0.8741856813430786
0.8599286675453186,0.8535308241844177,0.8567178249359131
0.8384751081466675,0.8531063795089722,0.8457275032997131
0.8750526905059814,0.8168705105781555,0.8449612259864807
0.8442213535308838,0.8579694032669067,0.8510398864746094
0.8477039933204651,0.8636630177497864,0.855609118938446
0.8255209922790527,0.8516553044319153,0.8383845686912537
0.8847327828407288,0.8625683188438416,0.87350994348526
0.8299044966697693,0.8478196263313293,0.8387664556503296
0.8340422511100769,0.7863192558288574,0.8094779253005981
0.854102611541748,0.8591521978378296,0.8566199541091919
0.843695878982544,0.8534451723098755,0.8485425114631653
0.8623386025428772,0.8726481199264526,0.867462694644928
0.833153247833252,0.8467960953712463,0.8399193286895752
0.8544673919677734,0.8271589279174805,0.8405914306640625
0.8510286808013916,0.8611850738525391,0.856076717376709
0.8416808843612671,0.8726398944854736,0.8568808436393738
0.8417624235153198,0.8438494205474854,0.8428046107292175
0.835067093372345,0.8457449078559875,0.8403720855712891
0.8610865473747253,0.8693058490753174,0.8651766180992126
0.8881611227989197,0.9116696715354919,0.8997618556022644
0.8061927556991577,0.8191503882408142,0.8126199841499329
0.8343333005905151,0.8738699555397034,0.853644073009491
0.8377348184585571,0.8459236025810242,0.8418093323707581
0.8700295686721802,0.8318338394165039,0.8505030274391174
0.8616295456886292,0.8735314011573792,0.867539644241333
0.8361750841140747,0.8066514730453491,0.8211479783058167
0.8373324275016785,0.8490105271339417,0.8431310653686523
0.8316695690155029,0.8739578127861023,0.8522894382476807
0.8379241228103638,0.7957454919815063,0.8162903189659119
0.8453882932662964,0.8789770603179932,0.8618555665016174
0.8458945751190186,0.8545491099357605,0.8501997590065002
0.8362898826599121,0.8510395288467407,0.8436002731323242
0.8231669068336487,0.8555763363838196,0.8390587568283081
0.8274940848350525,0.7957587242126465,0.811316192150116
0.8451982140541077,0.8699393272399902,0.8573903441429138
0.8363449573516846,0.8645605444908142,0.8502187132835388
0.8490589261054993,0.8576867580413818,0.8533510565757751
0.8352215886116028,0.859995424747467,0.847427487373352
0.8430558443069458,0.8607355356216431,0.8518039584159851
0.8293065428733826,0.7763456106185913,0.8019527196884155
0.8567667007446289,0.8144007921218872,0.8350467085838318
0.8222677111625671,0.83404541015625,0.8281146287918091
0.8534213900566101,0.8773324489593506,0.8652117252349854
0.8358142375946045,0.846328616142273,0.8410385847091675
0.8374665975570679,0.8899592757225037,0.8629153966903687
0.8399044275283813,0.8729547262191772,0.856110692024231
0.8613548874855042,0.7603515386581421,0.8077077865600586
0.8584260940551758,0.8541218638420105,0.8562685251235962
0.8441471457481384,0.8425790071487427,0.8433623909950256
0.8680970668792725,0.8870989084243774,0.8774951100349426
0.8901835083961487,0.8418406248092651,0.8653373718261719
0.8612170815467834,0.8701848387718201,0.8656777143478394
0.8170816898345947,0.8406028747558594,0.828675389289856
0.8204048275947571,0.8579586148262024,0.838761568069458
0.8448283076286316,0.8183974027633667,0.8314028978347778
0.8701369166374207,0.8533275723457336,0.8616502285003662
0.8544448018074036,0.8507013320922852,0.8525689840316772
0.870229184627533,0.8841970562934875,0.8771575093269348
0.83469557762146,0.8186735510826111,0.8266068696975708
0.8179589509963989,0.8360207080841064,0.8268911838531494
0.8480569124221802,0.887016773223877,0.8670994639396667
0.8430681824684143,0.8439157009124756,0.8434917330741882
0.8354461193084717,0.8274076581001282,0.8314074873924255
0.8489118814468384,0.8609302043914795,0.8548787832260132
0.8366028666496277,0.8634840846061707,0.8498309850692749
0.8622592687606812,0.8286599516868591,0.8451258540153503
0.8353286981582642,0.8645557165145874,0.8496909141540527
0.8699851632118225,0.875156044960022,0.8725628852844238
0.8507528305053711,0.8952938914299011,0.8724552392959595
0.8587850332260132,0.8859281539916992,0.872145414352417
0.8424309492111206,0.8466340899467468,0.8445273637771606
0.8473420739173889,0.8841856718063354,0.8653718829154968
0.8627209663391113,0.889884352684021,0.8760921359062195
0.8828979730606079,0.8888757228851318,0.8858767747879028
0.8545790910720825,0.9022009968757629,0.8777445554733276
0.8471466898918152,0.87006014585495,0.8584505915641785
0.8409835696220398,0.8254454135894775,0.8331420421600342
0.8410578370094299,0.8611049056053162,0.8509633541107178
0.8125484585762024,0.8439984917640686,0.8279749155044556
0.8306789398193359,0.7965367436408997,0.8132496476173401
0.834979236125946,0.8542094230651855,0.844484806060791
0.8567588329315186,0.8734425902366638,0.865020215511322
0.8627189993858337,0.8803551197052002,0.8714478015899658
0.8546966910362244,0.8483629822731018,0.8515180349349976
0.8408021926879883,0.8466863632202148,0.8437340259552002
0.866174578666687,0.8696103096008301,0.8678890466690063
0.8340203166007996,0.8578128814697266,0.8457492589950562
0.8568415641784668,0.8579675555229187,0.8574041724205017
0.8534947633743286,0.8932135701179504,0.8729025721549988
0.8387627601623535,0.8196485042572021,0.8290954828262329
0.8632280230522156,0.8807071447372437,0.871880054473877
0.8220980167388916,0.8456910848617554,0.8337276577949524
0.8582404255867004,0.8876698613166809,0.8727070689201355
0.8620766401290894,0.8616992831230164,0.8618879914283752
0.8345759510993958,0.8761524558067322,0.8548589944839478
0.8907651901245117,0.9079756140708923,0.8992880582809448
0.8950894474983215,0.8995969295501709,0.8973375558853149
0.8512465357780457,0.8788934946060181,0.8648491501808167
0.8500508666038513,0.8140310645103455,0.8316510915756226
0.8455373644828796,0.870017409324646,0.8576027750968933
0.8500639796257019,0.8562263250350952,0.853134036064148
0.8457630276679993,0.8476771712303162,0.8467190265655518
0.8336136341094971,0.8357137441635132,0.8346623778343201
0.816800594329834,0.8350051641464233,0.8258025646209717
0.8544677495956421,0.8865758776664734,0.870225727558136
0.8506128787994385,0.8721978664398193,0.8612701296806335
0.8479269742965698,0.869908332824707,0.8587770462036133
0.8096823692321777,0.8574000000953674,0.8328583240509033
0.8402379155158997,0.8734245896339417,0.8565099239349365
0.8402855396270752,0.8705194592475891,0.8551353216171265
0.8562407493591309,0.8672031760215759,0.8616870641708374
0.8576689958572388,0.855755090713501,0.8567109704017639
0.8122458457946777,0.8312084078788757,0.8216176629066467
0.8230975866317749,0.8305265307426453,0.8267953991889954
0.847108781337738,0.8689887523651123,0.8579092621803284
0.8748763799667358,0.8532772660255432,0.8639417886734009
0.8907010555267334,0.904384970664978,0.8974908590316772
0.8211307525634766,0.8599956035614014,0.8401139378547668
0.8212637901306152,0.8496241569519043,0.835203230381012
0.8574907779693604,0.8292519450187683,0.8431349396705627
0.8268130421638489,0.8393211364746094,0.8330202102661133
0.8867626786231995,0.8779658079147339,0.8823422789573669
0.8487852811813354,0.8451042175292969,0.8469407558441162
0.8348347544670105,0.8445969820022583,0.8396875262260437
0.8462191224098206,0.888657808303833,0.8669194579124451
0.8436840772628784,0.8490003347396851,0.8463338613510132
0.837481677532196,0.8754427433013916,0.8560414910316467
0.8154189586639404,0.7887334823608398,0.8018542528152466
0.8435389995574951,0.8280377984046936,0.8357165455818176
0.8231998682022095,0.845243513584137,0.8340760469436646
0.8704848289489746,0.9057043790817261,0.8877453804016113
0.8710822463035583,0.8871748447418213,0.879054844379425
0.8212902545928955,0.8275931477546692,0.8244296908378601
0.8224474191665649,0.8470422029495239,0.8345636129379272
0.8128488659858704,0.8368858695030212,0.8246922492980957
0.8429127335548401,0.8740721344947815,0.8582096695899963
0.8757737874984741,0.8829639554023743,0.8793541193008423
0.8495222926139832,0.8296029567718506,0.8394444584846497
0.8561412692070007,0.8901078701019287,0.8727942109107971
0.8344944715499878,0.8642209768295288,0.8490976691246033
0.8382408022880554,0.8433176279067993,0.8407715559005737
0.8608266115188599,0.8533163666725159,0.8570550084114075
0.8293092250823975,0.8293836712837219,0.8293464779853821
0.8556000590324402,0.9175112247467041,0.8854747414588928
0.8772978782653809,0.8416977524757385,0.8591291904449463
0.8466588854789734,0.8595992922782898,0.8530800342559814
0.8422221541404724,0.8642102479934692,0.8530745506286621
0.8843737244606018,0.8534389138221741,0.8686310052871704
0.8606820702552795,0.8589841723442078,0.8598322868347168
0.8488286733627319,0.8791490793228149,0.8637228608131409
0.8496657609939575,0.863067090511322,0.8563140630722046
0.8363691568374634,0.7857165336608887,0.8102520108222961
0.8246310949325562,0.8613759279251099,0.8426030874252319
0.8365257978439331,0.8532274961471558,0.8447940945625305
0.8856828212738037,0.9124537706375122,0.8988690376281738
0.8485726118087769,0.8391878008842468,0.8438541293144226
0.9030073881149292,0.9265662431716919,0.9146351218223572
0.844405472278595,0.8585559725761414,0.8514219522476196
0.8288642168045044,0.8547698259353638,0.8416177034378052
0.8680927753448486,0.8827619552612305,0.8753659129142761
0.860730767250061,0.824131965637207,0.8420338034629822
0.8568036556243896,0.8831355571746826,0.869770348072052
0.8366666436195374,0.8411754369735718,0.8389149904251099
0.8503033518791199,0.8724021911621094,0.8612110018730164
0.8640631437301636,0.8288969397544861,0.8461148738861084
0.8539789915084839,0.8497833013534546,0.8518760204315186
0.8844344615936279,0.8006758689880371,0.8404735326766968
0.875756025314331,0.8989778757095337,0.8872150182723999
0.8646254539489746,0.8827624320983887,0.8735998272895813
0.8144547939300537,0.8018813729286194,0.8081192374229431
0.8285566568374634,0.8345116972923279,0.8315235376358032
0.8392292261123657,0.8608325719833374,0.8498936295509338
0.829511821269989,0.8433427214622498,0.836370050907135
0.8220008611679077,0.8392793536186218,0.8305503129959106
0.8384371995925903,0.8453359603881836,0.8418724536895752
0.8493351936340332,0.8469873070716858,0.848159670829773
0.822700023651123,0.8369391560554504,0.8297585248947144
0.8412690162658691,0.85538649559021,0.8482690453529358
0.8204787969589233,0.8453279733657837,0.832718014717102
0.8692459464073181,0.8605817556381226,0.8648921847343445
0.8300084471702576,0.8415999412536621,0.8357639908790588
0.8574389219284058,0.8912883400917053,0.8740360140800476
0.8387010097503662,0.8408454656600952,0.8397718667984009
0.8562795519828796,0.8720061182975769,0.8640713095664978
0.816711962223053,0.8475820422172546,0.8318607211112976
0.8551204204559326,0.8285160064697266,0.8416079878807068
0.8392574787139893,0.8952851295471191,0.8663663864135742
0.8290414810180664,0.8703604340553284,0.8491986393928528
0.8538023829460144,0.8527413606643677,0.8532715439796448
0.8624249696731567,0.9018011689186096,0.8816735744476318
0.8747708797454834,0.8705896139144897,0.8726752400398254
0.8582376837730408,0.8553084135055542,0.8567705750465393
0.8315142393112183,0.8196471333503723,0.8255379796028137
0.803436279296875,0.8592372536659241,0.8304004073143005
0.8631752729415894,0.8565636873245239,0.8598567843437195
0.847898006439209,0.8746304512023926,0.8610568046569824
0.85765141248703,0.8318180441856384,0.8445371985435486
0.8186112642288208,0.8578292727470398,0.8377615809440613
0.8362839221954346,0.8493458032608032,0.8427642583847046
0.8546497821807861,0.8273048400878906,0.840755045413971
0.8673182725906372,0.8954601883888245,0.8811646103858948
0.8674541711807251,0.868022084236145,0.8677380681037903
0.8584507703781128,0.8572080731391907,0.8578289747238159
0.8319209218025208,0.8642773032188416,0.8477904796600342
0.8524554371833801,0.8387737274169922,0.8455592393875122
0.8538554906845093,0.8646655082702637,0.8592264652252197
0.8448110818862915,0.8527811765670776,0.8487774729728699
0.8731145262718201,0.8821489214897156,0.8776084780693054
0.8705348372459412,0.8930681943893433,0.881657600402832
0.8346027135848999,0.8683212399482727,0.851128101348877
0.828157901763916,0.8684326410293579,0.8478172421455383
0.8397349119186401,0.8469482660293579,0.8433261513710022
0.8557089567184448,0.8546002507209778,0.8551542162895203
0.8259041905403137,0.8698104619979858,0.8472888469696045
0.8421211838722229,0.8809682726860046,0.861106812953949
0.8625068664550781,0.8915163278579712,0.8767716884613037
0.8238274455070496,0.8197805881500244,0.8217990398406982
0.8575568795204163,0.8708301186561584,0.8641425371170044
0.8506864309310913,0.8459833264350891,0.8483283519744873
0.8403311967849731,0.8323281407356262,0.8363105058670044
0.8219344615936279,0.8642427325248718,0.8425577878952026
0.8382573127746582,0.8525348901748657,0.8453357815742493
0.859275221824646,0.8655757904052734,0.8624140024185181
0.8461607694625854,0.8847793936729431,0.8650393486022949
0.8090957403182983,0.8646571636199951,0.8359542489051819
0.8191766738891602,0.8720431327819824,0.84478360414505
0.844115138053894,0.8182165026664734,0.8309640884399414
0.8475539684295654,0.8095334768295288,0.8281075358390808
0.8458535075187683,0.8505887985229492,0.8482145667076111
0.8447889089584351,0.8255746960639954,0.8350712656974792
0.8558095693588257,0.8594592809677124,0.8576305508613586
0.8410835862159729,0.8830463886260986,0.8615543842315674
0.8557701110839844,0.8471935987472534,0.8514602184295654
0.8465334177017212,0.8564267158508301,0.8514513373374939
0.8576909899711609,0.822132408618927,0.8395353555679321
0.8658479452133179,0.8840131759643555,0.874836266040802
0.8289276957511902,0.8328399062156677,0.8308792114257812
0.8573420643806458,0.8638693690299988,0.860593318939209
0.8461667895317078,0.8836629986763,0.8645085096359253
0.8474999666213989,0.8519019484519958,0.8496953248977661
0.8783979415893555,0.8756755590438843,0.8770346641540527
0.8886995315551758,0.8961459398269653,0.8924071788787842
0.8637605905532837,0.8587927222251892,0.8612695336341858
0.8151460289955139,0.8366397619247437,0.8257530331611633
0.8225476741790771,0.803412139415741,0.812867283821106
0.8715341091156006,0.8681435585021973,0.8698354959487915
0.8461082577705383,0.8206000328063965,0.8331589698791504
0.8558469414710999,0.864117443561554,0.8599622845649719
0.8545469045639038,0.8748185038566589,0.8645638823509216
0.8597970008850098,0.8590390086174011,0.8594178557395935
0.844427764415741,0.8466365337371826,0.8455306887626648
0.8383889198303223,0.8649611473083496,0.8514677286148071
0.8373498320579529,0.8833621740341187,0.8597407937049866
0.8524565100669861,0.8811557292938232,0.8665685057640076
0.8492538928985596,0.8560343980789185,0.852630615234375
0.8178771138191223,0.8741331696510315,0.845069944858551
0.901104748249054,0.8749619722366333,0.8878408670425415
0.8290195465087891,0.7927398085594177,0.8104738593101501
0.8383267521858215,0.894181489944458,0.8653538227081299
0.8363438248634338,0.8459447026252747,0.8411169052124023
0.8349820971488953,0.8674108386039734,0.850887656211853
0.8514220714569092,0.868474006652832,0.8598635196685791
0.8303917050361633,0.7984272241592407,0.8140957355499268
0.8178672790527344,0.8498692512512207,0.8335612416267395
0.8195602297782898,0.7563968300819397,0.7867127060890198
0.8620567917823792,0.8300750255584717,0.8457637429237366
0.8627400398254395,0.8546351194381714,0.8586684465408325
0.8203604817390442,0.8498721122741699,0.8348556160926819
0.8326708078384399,0.8590860962867737,0.8456721901893616
0.8306927680969238,0.8058977127075195,0.8181073665618896
0.8238779902458191,0.8244784474372864,0.824178159236908
0.8320658802986145,0.8144938945770264,0.8231861591339111
0.8359736204147339,0.8295853734016418,0.8327671885490417
0.8391738533973694,0.8358567953109741,0.8375120162963867
0.8240544199943542,0.8285509347915649,0.8262966275215149
0.8485283851623535,0.8471601009368896,0.8478437066078186
0.8245922327041626,0.8281200528144836,0.8263523578643799
0.8199177384376526,0.8197435736656189,0.8198306560516357
0.8550218343734741,0.8141794800758362,0.8341009616851807
0.8441007733345032,0.7902969121932983,0.8163132071495056
0.901800274848938,0.8873826265335083,0.8945333361625671
0.8246814608573914,0.8339525461196899,0.8292911052703857
0.8265424966812134,0.8540502786636353,0.8400712609291077
0.8381573557853699,0.8556865453720093,0.8468312621116638
0.8745643496513367,0.8690829873085022,0.8718150854110718
0.8353768587112427,0.8208050727844238,0.8280268907546997
0.8539639711380005,0.8745948672294617,0.8641563057899475
0.8464884757995605,0.8226149082183838,0.8343809843063354
0.8263198137283325,0.8478488326072693,0.8369459509849548
0.852115273475647,0.8941763639450073,0.8726392388343811
0.8263615369796753,0.8407074809074402,0.8334727883338928
0.8268148303031921,0.8674207925796509,0.8466312885284424
0.8497857451438904,0.8129706978797913,0.8309706449508667
0.8519659042358398,0.8722177147865295,0.8619728684425354
0.8265334367752075,0.8018972873687744,0.8140290379524231
0.8284069299697876,0.8553047180175781,0.8416410088539124
0.8064112067222595,0.8240585327148438,0.8151393532752991
0.8668037056922913,0.8849143981933594,0.8757655024528503
0.8343181610107422,0.8633773326873779,0.8485990166664124
0.8497422933578491,0.858843982219696,0.8542689085006714
0.828907310962677,0.8717983365058899,0.8498120307922363
0.8332847356796265,0.7955216765403748,0.8139654994010925
0.8359582424163818,0.8896042108535767,0.8619472980499268
0.8605638742446899,0.8566948175430298,0.8586249947547913
0.8666512966156006,0.8221305012702942,0.8438040614128113
0.8258245587348938,0.8408940434455872,0.8332911729812622
0.8296048641204834,0.8603439331054688,0.8446948528289795
0.8487240672111511,0.8529212474822998,0.8508174419403076
0.8279424905776978,0.8442294001579285,0.8360067009925842
0.8330336809158325,0.8229235410690308,0.827947735786438
0.832930862903595,0.841414213180542,0.8371511101722717
0.8601541519165039,0.8697237372398376,0.8649124503135681
0.8175601959228516,0.8505446314811707,0.8337262868881226
0.8278067111968994,0.8382968902587891,0.8330187797546387
0.8134772181510925,0.8564699292182922,0.8344201445579529
0.8341219425201416,0.8555922508239746,0.844720721244812
0.8582233190536499,0.8474777936935425,0.8528167009353638
0.8270638585090637,0.8427662253379822,0.8348411917686462
0.8384931683540344,0.8673304915428162,0.8526681065559387
0.8350869417190552,0.8110700249671936,0.8229032754898071
0.821932315826416,0.8437264561653137,0.8326868414878845
0.8332017064094543,0.8638209700584412,0.8482351303100586
0.8331630825996399,0.8307372331619263,0.8319483399391174
0.8481637239456177,0.8812428712844849,0.8643869757652283
0.8509787321090698,0.8555344343185425,0.8532505035400391
0.8770051002502441,0.88377845287323,0.880378782749176
0.8874660134315491,0.8848183155059814,0.8861402273178101
0.8495768904685974,0.8816505074501038,0.8653165698051453
0.8732155561447144,0.852450430393219,0.8627080321311951
0.8823864459991455,0.8895021080970764,0.885930061340332
0.8541890382766724,0.8942729234695435,0.8737714886665344
0.8663555383682251,0.8744858503341675,0.8704017400741577
0.8616783618927002,0.8258411288261414,0.8433791995048523
0.919541597366333,0.933857262134552,0.9266441464424133
0.9076535105705261,0.929919958114624,0.9186517596244812
0.8699217438697815,0.8439542055130005,0.8567412495613098
0.9076535105705261,0.929919958114624,0.9186517596244812
0.8795108199119568,0.8634700775146484,0.8714166283607483
0.8732671141624451,0.8492336273193359,0.8610826730728149
0.9076535105705261,0.929919958114624,0.9186517596244812
0.9076535105705261,0.929919958114624,0.9186517596244812
0.8795108199119568,0.8634700775146484,0.8714166283607483
0.8795108199119568,0.8634700775146484,0.8714166283607483
0.8774949908256531,0.8530617952346802,0.865105926990509
0.9076535105705261,0.929919958114624,0.9186517596244812
0.8774949908256531,0.8530617952346802,0.865105926990509
0.9274044036865234,0.9541667699813843,0.940595269203186
0.919541597366333,0.933857262134552,0.9266441464424133
0.8830229043960571,0.8705946207046509,0.8767647743225098
0.9076535105705261,0.929919958114624,0.9186517596244812
0.8952982425689697,0.9346017241477966,0.9145278930664062
0.9076535105705261,0.929919958114624,0.9186517596244812
0.853911817073822,0.8495841026306152,0.8517423868179321
0.8732671141624451,0.8492336273193359,0.8610826730728149
0.919541597366333,0.933857262134552,0.9266441464424133
0.919541597366333,0.933857262134552,0.9266441464424133
0.9274044036865234,0.9541667699813843,0.940595269203186
0.9274044036865234,0.9541667699813843,0.940595269203186
0.8973200917243958,0.8922467231750488,0.8947762846946716
0.9300606846809387,0.9132377505302429,0.9215724468231201
0.9076535105705261,0.929919958114624,0.9186517596244812
0.9076535105705261,0.929919958114624,0.9186517596244812
0.8973200917243958,0.8922467231750488,0.8947762846946716
0.9274044036865234,0.9541667699813843,0.940595269203186
0.9274044036865234,0.9541667699813843,0.940595269203186
0.9076535105705261,0.929919958114624,0.9186517596244812
0.9076535105705261,0.929919958114624,0.9186517596244812
0.9076535105705261,0.929919958114624,0.9186517596244812
0.9032370448112488,0.9461175799369812,0.9241801500320435
0.8946605324745178,0.8910070061683655,0.8928300738334656
0.8807649612426758,0.8604294657707214,0.8704783916473389
0.8807649612426758,0.8604294657707214,0.8704783916473389
0.919541597366333,0.933857262134552,0.9266441464424133
0.8941402435302734,0.9026173949241638,0.8983588218688965
0.8830229043960571,0.8705946207046509,0.8767647743225098
0.9076535105705261,0.929919958114624,0.9186517596244812
0.8807649612426758,0.8604294657707214,0.8704783916473389
0.8774949908256531,0.8530617952346802,0.865105926990509
0.8184714317321777,0.8489541411399841,0.8334341645240784
0.9060670137405396,0.9518683552742004,0.9284030795097351
0.8732671141624451,0.8492336273193359,0.8610826730728149
0.8845268487930298,0.9182002544403076,0.9010490775108337
0.8913019895553589,0.8683484196662903,0.8796754479408264
0.8861781358718872,0.912556529045105,0.8991739153862
0.8952982425689697,0.9346017241477966,0.9145278930664062
0.8830229043960571,0.8705946207046509,0.8767647743225098
0.9274044036865234,0.9541667699813843,0.940595269203186
0.9076535105705261,0.929919958114624,0.9186517596244812
0.8732671141624451,0.8492336273193359,0.8610826730728149
0.8902267217636108,0.8570737242698669,0.8733357191085815
0.9076535105705261,0.929919958114624,0.9186517596244812
0.9076535105705261,0.929919958114624,0.9186517596244812
0.9274044036865234,0.9541667699813843,0.940595269203186
0.8946605324745178,0.8910070061683655,0.8928300738334656
0.919541597366333,0.933857262134552,0.9266441464424133
0.919541597366333,0.933857262134552,0.9266441464424133
0.919541597366333,0.933857262134552,0.9266441464424133
0.8626788854598999,0.8575851321220398,0.8601245284080505
0.8626788854598999,0.8575851321220398,0.8601245284080505
0.9087537527084351,0.9256986975669861,0.9171479940414429
0.8809082508087158,0.9013745784759521,0.8910238742828369
0.8806437253952026,0.855853796005249,0.8680717945098877
0.8832576274871826,0.8547577857971191,0.8687740564346313
0.8776770830154419,0.8559064865112305,0.8666550517082214
0.9140178561210632,0.9286161065101624,0.9212591648101807
0.9114805459976196,0.9257906675338745,0.9185798764228821
0.8592382669448853,0.8519173264503479,0.855562150478363
0.8592382669448853,0.8519173264503479,0.855562150478363
0.8832576274871826,0.8547577857971191,0.8687740564346313
0.8619633913040161,0.8567296266555786,0.8593385815620422
0.8806437253952026,0.855853796005249,0.8680717945098877
0.8954378962516785,0.9422267079353333,0.9182366132736206
0.9140178561210632,0.9286161065101624,0.9212591648101807
0.8692694306373596,0.8907935619354248,0.8798999190330505
0.8626788854598999,0.8575851321220398,0.8601245284080505
0.8592382669448853,0.8519173264503479,0.855562150478363
0.860805332660675,0.8574857115745544,0.8591423034667969
0.8777837753295898,0.8529119491577148,0.865169107913971
0.8954378962516785,0.9422267079353333,0.9182366132736206
0.8626788854598999,0.8575851321220398,0.8601245284080505
0.8832576274871826,0.8547577857971191,0.8687740564346313
0.8793225288391113,0.9195120334625244,0.8989683389663696
0.843233048915863,0.8863972425460815,0.8642765879631042
0.8619633913040161,0.8567296266555786,0.8593385815620422
0.8626788854598999,0.8575851321220398,0.8601245284080505
0.8619633913040161,0.8567296266555786,0.8593385815620422
0.8776429295539856,0.8573418855667114,0.8673735857009888
0.860805332660675,0.8574857115745544,0.8591423034667969
0.8814811706542969,0.893726110458374,0.8875614404678345
0.8964309692382812,0.9430935978889465,0.9191704988479614
0.860805332660675,0.8574857115745544,0.8591423034667969
0.8832576274871826,0.8547577857971191,0.8687740564346313
0.8626788854598999,0.8575851321220398,0.8601245284080505
0.8954378962516785,0.9422267079353333,0.9182366132736206
0.8834463357925415,0.886101484298706,0.8847718834877014
0.86030113697052,0.8607569336891174,0.8605289459228516
0.8896366357803345,0.9308397769927979,0.9097719192504883
0.8592382669448853,0.8519173264503479,0.855562150478363
0.8619633913040161,0.8567296266555786,0.8593385815620422
0.8619633913040161,0.8567296266555786,0.8593385815620422
0.8832576274871826,0.8547577857971191,0.8687740564346313
0.8626788854598999,0.8575851321220398,0.8601245284080505
0.9047044515609741,0.8808197379112244,0.8926023840904236
0.860805332660675,0.8574857115745544,0.8591423034667969
0.860805332660675,0.8574857115745544,0.8591423034667969
0.8964309692382812,0.9430935978889465,0.9191704988479614
0.8592382669448853,0.8519173264503479,0.855562150478363
0.8776770830154419,0.8559064865112305,0.8666550517082214
0.8592382669448853,0.8519173264503479,0.855562150478363
0.9024682641029358,0.8997671604156494,0.9011157155036926
0.8626788854598999,0.8575851321220398,0.8601245284080505
0.860805332660675,0.8574857115745544,0.8591423034667969
0.8964309692382812,0.9430935978889465,0.9191704988479614
0.8739134073257446,0.893771231174469,0.8837307095527649
0.860805332660675,0.8574857115745544,0.8591423034667969
0.9114805459976196,0.9257906675338745,0.9185798764228821
0.9083947539329529,0.9255086183547974,0.9168718457221985
0.878328263759613,0.8664748668670654,0.8723613023757935
0.8527985215187073,0.8650470972061157,0.8588791489601135
0.8809011578559875,0.8565106987953186,0.8685347437858582
0.8496460914611816,0.8615970611572266,0.8555798530578613
0.8517275452613831,0.8631484508514404,0.8574000000953674
0.8780220150947571,0.866356372833252,0.872150182723999
0.8787899613380432,0.8602679967880249,0.8694303035736084
0.8522250056266785,0.8641695976257324,0.8581557273864746
0.8881733417510986,0.9147925972938538,0.9012864828109741
0.8815134763717651,0.8550881743431091,0.8680997490882874
0.8421858549118042,0.8607196807861328,0.8513519167900085
0.886350691318512,0.9275683760643005,0.9064912796020508
0.842436671257019,0.8590218424797058,0.8506484627723694
0.8787899613380432,0.8602680563926697,0.8694303631782532
0.8789374828338623,0.9252091646194458,0.901479959487915
0.8893532752990723,0.9001112580299377,0.8946999907493591
0.8903028964996338,0.9251077771186829,0.9073717594146729
0.8461047410964966,0.8602612614631653,0.8531242609024048
0.8448420763015747,0.8580466508865356,0.8513931632041931
0.8899662494659424,0.879848301410675,0.8848783373832703
0.8486738801002502,0.8606298565864563,0.854610025882721
0.8903028964996338,0.9251077771186829,0.9073717594146729
0.8862518072128296,0.9253295660018921,0.9053691625595093
0.878328263759613,0.8664749264717102,0.8723613023757935
0.878328263759613,0.8664749264717102,0.8723613023757935
0.8815135359764099,0.8550882935523987,0.8680998682975769
0.8515509366989136,0.8608567714691162,0.8561785817146301
0.8815135359764099,0.8550882935523987,0.8680998682975769
0.8429756164550781,0.8600947856903076,0.851449191570282
0.8516323566436768,0.8680434226989746,0.8597595691680908
0.886350691318512,0.9275683760643005,0.9064912796020508
0.8809011578559875,0.8565106391906738,0.8685347437858582
0.8787899613380432,0.8602680563926697,0.8694303631782532
0.8537197113037109,0.8637169003486633,0.8586892485618591
0.8862517476081848,0.9253295660018921,0.9053691029548645
0.8508190512657166,0.8649469614028931,0.8578248620033264
0.8787899613380432,0.8602680563926697,0.8694303631782532
0.8787899613380432,0.8602680563926697,0.8694303631782532
0.8874383568763733,0.9226815700531006,0.9047169089317322
0.8903028964996338,0.9251077771186829,0.9073717594146729
0.886350691318512,0.9275683760643005,0.9064912796020508
0.8815135359764099,0.8550882935523987,0.8680998682975769
0.878877580165863,0.8610312342643738,0.8698628544807434
0.8815135359764099,0.8550882935523987,0.8680998682975769
0.8815135359764099,0.8550882935523987,0.8680998682975769
0.8815135359764099,0.8550882935523987,0.8680998682975769
0.886350691318512,0.9275683760643005,0.9064912796020508
0.8787899613380432,0.8602680563926697,0.8694303631782532
0.8862517476081848,0.9253295660018921,0.9053691029548645
0.8809011578559875,0.8565106391906738,0.8685347437858582
0.8862517476081848,0.9253295660018921,0.9053691029548645
0.8862517476081848,0.9253295660018921,0.9053691029548645
0.8877583742141724,0.9158905744552612,0.9016051292419434
0.8815135359764099,0.8550882935523987,0.8680998682975769
0.878877580165863,0.8610312342643738,0.8698628544807434
0.8779445886611938,0.9074419140815735,0.8924495577812195
0.8421913385391235,0.854101300239563,0.8481045365333557
0.8871971368789673,0.9206023812294006,0.9035910367965698
0.8871971368789673,0.9206023812294006,0.9035910367965698
0.8809011578559875,0.8565106391906738,0.8685347437858582
0.8809011578559875,0.8565106391906738,0.8685347437858582
0.8903028964996338,0.9251077771186829,0.9073717594146729
0.8526071310043335,0.8643760681152344,0.8584513068199158
0.8454652428627014,0.8549242615699768,0.8501684069633484
0.8477399349212646,0.8599441051483154,0.8537984490394592
0.8809011578559875,0.8565106391906738,0.8685347437858582
0.8504633903503418,0.8617349863052368,0.8560620546340942
0.8852606415748596,0.9136279225349426,0.8992206454277039
0.845994234085083,0.8601223230361938,0.852999746799469
0.8843666911125183,0.8773030638694763,0.8808207511901855
0.8871971368789673,0.9206023812294006,0.9035910367965698
0.8421381711959839,0.8581786751747131,0.8500826954841614
0.8852606415748596,0.9136279225349426,0.8992206454277039
0.8862517476081848,0.9253295660018921,0.9053691029548645
0.8944867253303528,0.9302733540534973,0.9120290875434875
0.8809011578559875,0.8565107583999634,0.8685347437858582
0.9318249821662903,0.8993977308273315,0.9153242707252502
0.882274866104126,0.8782311677932739,0.8802484273910522
0.9075602889060974,0.878018856048584,0.8925451636314392
0.8798409700393677,0.8771297335624695,0.8784832954406738
0.916925311088562,0.8818061947822571,0.8990228772163391
0.9278406500816345,0.8889256715774536,0.9079663753509521
0.9176452159881592,0.8903737664222717,0.9038038849830627
0.9142841100692749,0.894071102142334,0.9040646553039551
0.8875579237937927,0.9129235744476318,0.900062084197998
0.9289494752883911,0.9049854278564453,0.9168108701705933
0.874774694442749,0.8993065357208252,0.8868709802627563
0.9154922962188721,0.8973037004470825,0.9063067436218262
0.9278406500816345,0.8889256715774536,0.9079663753509521
0.9002935886383057,0.8810344338417053,0.8905599117279053
0.9075602889060974,0.878018856048584,0.8925451636314392
0.9154922962188721,0.8973037004470825,0.9063067436218262
0.916925311088562,0.8818061947822571,0.8990228772163391
0.916925311088562,0.8818061947822571,0.8990228772163391
0.8740054368972778,0.8733683824539185,0.8736867904663086
0.9154922962188721,0.8973037004470825,0.9063067436218262
0.8814781308174133,0.8725311756134033,0.8769819140434265
0.8679551482200623,0.8738783001899719,0.87090665102005
0.9135904312133789,0.8847873210906982,0.8989582061767578
0.8858281373977661,0.8890304565429688,0.8874264359474182
0.879746675491333,0.874921977519989,0.8773276805877686
0.8769222497940063,0.8822111487388611,0.8795587420463562
0.8495279550552368,0.8945834040641785,0.8714737296104431
0.9181620478630066,0.9171670079231262,0.9176642894744873
0.916925311088562,0.8818061947822571,0.8990228772163391
0.9388574957847595,0.9181927442550659,0.9284101724624634
0.8504840135574341,0.9069489240646362,0.8778094053268433
0.9289494752883911,0.9049854278564453,0.9168108701705933
0.916925311088562,0.8818061947822571,0.8990228772163391
0.8552893400192261,0.8809531331062317,0.8679315447807312
0.9058534502983093,0.8871047496795654,0.8963810205459595
0.916925311088562,0.8818061947822571,0.8990228772163391
0.8809356093406677,0.8989428281784058,0.8898481726646423
0.9278406500816345,0.8889256715774536,0.9079663753509521
0.916925311088562,0.8818061947822571,0.8990228772163391
0.9142841100692749,0.894071102142334,0.9040646553039551
0.8585686087608337,0.8617011308670044,0.8601320385932922
0.9076340794563293,0.9112675189971924,0.909447193145752
0.9408904314041138,0.8864924907684326,0.9128817915916443
0.9197733402252197,0.9053577184677124,0.9125086069107056
0.914884090423584,0.8564918041229248,0.8847255110740662
0.8739758729934692,0.871623694896698,0.8727982044219971
0.874774694442749,0.8993065357208252,0.8868709802627563
0.8821926116943359,0.8748409152030945,0.878501296043396
0.914884090423584,0.8564918041229248,0.8847255110740662
0.8878048658370972,0.9116692543029785,0.8995788097381592
0.8758253455162048,0.8746920824050903,0.8752583861351013
0.88332599401474,0.8719267845153809,0.8775893449783325
0.876383900642395,0.8744979500770569,0.8754398822784424
0.9035691618919373,0.8943474292755127,0.8989346027374268
0.9308455586433411,0.9203702211380005,0.925578236579895
0.916925311088562,0.8818061947822571,0.8990228772163391
0.9075602889060974,0.878018856048584,0.8925451636314392
0.8618608117103577,0.900585949420929,0.8807979226112366
0.9154922962188721,0.8973037004470825,0.9063067436218262
0.9139794707298279,0.892939567565918,0.9033370018005371
0.916925311088562,0.8818061947822571,0.8990228772163391
0.9104427695274353,0.8731562495231628,0.8914097547531128
0.883404552936554,0.9125844240188599,0.8977574110031128
0.8887789845466614,0.8733721375465393,0.8810082077980042
0.916925311088562,0.8818061947822571,0.8990228772163391
0.9027429819107056,0.9124622344970703,0.9075766205787659
0.9408904314041138,0.8864924907684326,0.9128817915916443
0.914884090423584,0.8564918041229248,0.8847255110740662
0.916925311088562,0.8818061947822571,0.8990228772163391
0.916925311088562,0.8818061947822571,0.8990228772163391
0.8842267990112305,0.8736944198608398,0.878929078578949
0.9002935886383057,0.8810344338417053,0.8905599117279053
0.8878048658370972,0.9116692543029785,0.8995788097381592
0.9122751951217651,0.8921636939048767,0.9021074175834656
0.8693736791610718,0.8780733942985535,0.8737019300460815
0.9154922962188721,0.8973037004470825,0.9063067436218262
0.9104427695274353,0.8731562495231628,0.8914097547531128
0.9028041958808899,0.9160201549530029,0.9093642234802246
0.916925311088562,0.8818061947822571,0.8990228772163391
0.8729493618011475,0.9055268168449402,0.8889396786689758
0.9075602889060974,0.878018856048584,0.8925451636314392
0.8789895176887512,0.8723317384719849,0.8756479620933533
0.916925311088562,0.8818061947822571,0.8990228772163391
0.8809751272201538,0.8738098740577698,0.8773778676986694
0.883504331111908,0.8905318975448608,0.8870041966438293
0.914884090423584,0.8564918041229248,0.8847255110740662
0.9135904312133789,0.8847873210906982,0.8989582061767578
0.9308455586433411,0.9203702211380005,0.925578236579895
0.9154922962188721,0.8973037004470825,0.9063067436218262
0.858349621295929,0.8722600340843201,0.8652489185333252
0.8821926116943359,0.8748409152030945,0.878501296043396
0.8779946565628052,0.8772895336151123,0.8776419162750244
0.9308455586433411,0.9203702211380005,0.925578236579895
0.904681921005249,0.8908146619796753,0.8976947069168091
0.9142841100692749,0.894071102142334,0.9040646553039551
0.8876757025718689,0.8990094065666199,0.8933066129684448
0.9070762991905212,0.9134230613708496,0.9102386236190796
0.914884090423584,0.8564918041229248,0.8847255110740662
0.8863238096237183,0.8670927286148071,0.876602828502655
0.9157720804214478,0.9123978614807129,0.9140818119049072
0.8576868772506714,0.8876742124557495,0.8724229335784912
0.8878048658370972,0.9116692543029785,0.8995788097381592
0.8887924551963806,0.8792635202407837,0.8840023279190063
0.8879479765892029,0.8662897944450378,0.8769851922988892
0.916925311088562,0.8818061947822571,0.8990228772163391
0.9040936827659607,0.8837432265281677,0.8938026428222656
0.9289494752883911,0.9049854278564453,0.9168108701705933
0.8657702803611755,0.8813437819480896,0.873487651348114
0.8662252426147461,0.8910024166107178,0.87843918800354
0.8794599175453186,0.8829647898674011,0.8812088370323181
0.8658347725868225,0.886892557144165,0.8762372136116028
0.8890155553817749,0.9235965609550476,0.9059762358665466
0.914884090423584,0.8564918041229248,0.8847255110740662
0.916925311088562,0.8818061947822571,0.8990228772163391
0.914884090423584,0.8564918041229248,0.8847255110740662
0.914884090423584,0.8564918041229248,0.8847255110740662
0.8715131282806396,0.8982527852058411,0.884680986404419
0.8730290532112122,0.8758564591407776,0.8744404911994934
0.923358678817749,0.9070212841033936,0.915117084980011
0.9075602889060974,0.878018856048584,0.8925451636314392
0.914884090423584,0.8564918041229248,0.8847255110740662
0.9040024876594543,0.923086404800415,0.9134448170661926
0.931155264377594,0.9337451457977295,0.9324484467506409
0.9290271401405334,0.8932622075080872,0.9107937216758728
0.8668312430381775,0.8875680565834045,0.8770771026611328
0.916925311088562,0.8818061947822571,0.8990228772163391
0.916925311088562,0.8818061947822571,0.8990228772163391
0.8876757025718689,0.8990094065666199,0.8933066129684448
0.8737512826919556,0.8707071542739868,0.8722265362739563
0.8768134713172913,0.8833385109901428,0.8800638914108276
0.9443482160568237,0.9051702618598938,0.9243443012237549
0.8846353888511658,0.8717229962348938,0.8781317472457886
0.8741979598999023,0.8745163679122925,0.8743571639060974
0.87674880027771,0.8835720419883728,0.8801471590995789
0.9040194153785706,0.8809484839439392,0.8923348188400269
0.8841913938522339,0.8717089891433716,0.8779058456420898
0.8713738322257996,0.8706318736076355,0.8710026741027832
0.9075602889060974,0.878018856048584,0.8925451636314392
0.916925311088562,0.8818061947822571,0.8990228772163391
0.916925311088562,0.8818061947822571,0.8990228772163391
0.8878048658370972,0.9116692543029785,0.8995788097381592
0.8757055401802063,0.8742303252220154,0.8749672770500183
0.8676688075065613,0.8907396793365479,0.8790528774261475
0.9308455586433411,0.9203702211380005,0.925578236579895
0.8681867718696594,0.8729250431060791,0.8705494999885559
0.8759664297103882,0.8968534469604492,0.8862869143486023
0.9389845728874207,0.921262264251709,0.9300389289855957
0.916925311088562,0.8818061947822571,0.8990228772163391
0.9075602889060974,0.878018856048584,0.8925451636314392
0.9308455586433411,0.9203702211380005,0.925578236579895
0.916925311088562,0.8818061947822571,0.8990228772163391
0.8711678981781006,0.8840377330780029,0.8775556087493896
0.9142841100692749,0.894071102142334,0.9040646553039551
0.9142841100692749,0.894071102142334,0.9040646553039551
0.914884090423584,0.8564918041229248,0.8847255110740662
0.8736985921859741,0.887100338935852,0.8803485035896301
0.8842408061027527,0.8804036378860474,0.8823180794715881
0.9154922962188721,0.8973037004470825,0.9063067436218262
0.916835606098175,0.9049597978591919,0.9108589291572571
0.9142841100692749,0.894071102142334,0.9040646553039551
0.9075602889060974,0.878018856048584,0.8925451636314392
0.8694023489952087,0.8743742108345032,0.8718811869621277
0.9241605401039124,0.8999521732330322,0.911895751953125
0.9308455586433411,0.9203702211380005,0.925578236579895
0.9135904312133789,0.8847873210906982,0.8989582061767578
0.9308455586433411,0.9203702211380005,0.925578236579895
0.9308455586433411,0.9203702211380005,0.925578236579895
0.879676103591919,0.8855229020118713,0.8825898766517639
0.8768689632415771,0.9032891988754272,0.8898830413818359
0.8833740949630737,0.8732845783233643,0.8783003687858582
0.914884090423584,0.8564918041229248,0.8847255110740662
0.8726189732551575,0.8707743883132935,0.8716956973075867
0.873028576374054,0.8747587203979492,0.8738927841186523
0.9344679117202759,0.9270540475845337,0.9307461977005005
0.916925311088562,0.8818061947822571,0.8990228772163391
0.916925311088562,0.8818061947822571,0.8990228772163391
0.8782866597175598,0.8724024891853333,0.8753347396850586
0.916925311088562,0.8818061947822571,0.8990228772163391
0.8848298788070679,0.8771272897720337,0.8809617757797241
0.9222582578659058,0.8877224326133728,0.9046609401702881
0.9075602889060974,0.878018856048584,0.8925451636314392
0.8826850652694702,0.8776529431343079,0.8801618218421936
0.9154922962188721,0.8973037004470825,0.9063067436218262
0.9308455586433411,0.9203702211380005,0.925578236579895
0.9156535267829895,0.9157060980796814,0.9156798124313354
0.9142841100692749,0.894071102142334,0.9040646553039551
0.8373541235923767,0.8777519464492798,0.8570773005485535
0.8846555948257446,0.879369854927063,0.8820047974586487
0.8772520422935486,0.8747866153717041,0.8760175704956055
0.9252740740776062,0.88802170753479,0.9062651991844177
0.8852837085723877,0.893961489200592,0.889601469039917
0.8741434812545776,0.9038286805152893,0.8887382745742798
0.8766897916793823,0.8864350318908691,0.8815354704856873
0.9115994572639465,0.8878799676895142,0.8995833396911621
0.8814565539360046,0.8760764598846436,0.8787582516670227
0.8868233561515808,0.87424635887146,0.8804899454116821
0.8698390126228333,0.8828974366188049,0.8763195276260376
0.8807156682014465,0.8934486508369446,0.8870365023612976
0.9282203912734985,0.9194427728652954,0.9238107204437256
0.914884090423584,0.8564918041229248,0.8847255110740662
0.858211100101471,0.8899627327919006,0.8737985491752625
0.9188857674598694,0.9006909132003784,0.9096973538398743
0.858604907989502,0.8765343427658081,0.8674769997596741
0.8503231406211853,0.8392760157585144,0.844763457775116
0.8928386569023132,0.9009591341018677,0.896880567073822
0.8604928255081177,0.8916335105895996,0.8757864236831665
0.8738464713096619,0.8812456130981445,0.8775303959846497
0.8171395063400269,0.8066420555114746,0.8118568658828735
0.8458176851272583,0.8907666802406311,0.8677104115486145
0.8776446580886841,0.9380888342857361,0.9068607091903687
0.8625545501708984,0.8706339001655579,0.8665754199028015
0.8784351944923401,0.9106813669204712,0.8942676782608032
0.8551011085510254,0.8577735424041748,0.8564352989196777
0.8528541326522827,0.8715689778327942,0.8621099591255188
0.8733207583427429,0.8774689435958862,0.8753899335861206
0.8511230945587158,0.8807231187820435,0.8656702041625977
0.8459222316741943,0.8437552452087402,0.8448373675346375
0.8595671057701111,0.8213576674461365,0.8400281071662903
0.8868765830993652,0.9189209342002869,0.902614414691925
0.853187084197998,0.8860579133033752,0.8693119287490845
0.8612478971481323,0.885154664516449,0.8730376362800598
0.87246173620224,0.835140585899353,0.8533933758735657
0.8591345548629761,0.8790407776832581,0.8689736723899841
0.8971271514892578,0.8649150133132935,0.8807266354560852
0.8665783405303955,0.8661977648735046,0.8663880228996277
0.9095134735107422,0.9260385632514954,0.9177016615867615
0.8573954105377197,0.8496572971343994,0.8535088300704956
0.8595630526542664,0.8808513879776001,0.8700770735740662
0.9103191494941711,0.8889409899711609,0.8995030522346497
0.8617634177207947,0.889214038848877,0.8752735257148743
0.8656688332557678,0.892440915107727,0.8788509964942932
0.8806452751159668,0.9057223796844482,0.8930078148841858
0.883312463760376,0.8966382145881653,0.8899255394935608
0.8938138484954834,0.8725708723068237,0.8830646276473999
0.9024378061294556,0.9100905656814575,0.9062480330467224
0.864118218421936,0.8545839786529541,0.8593246936798096
0.85178542137146,0.8566340208053589,0.8542028665542603
0.858300507068634,0.8652069568634033,0.8617399334907532
0.8605263233184814,0.8826557397842407,0.8714505434036255
0.886839747428894,0.9018611311912537,0.8942874073982239
0.8623262047767639,0.8895200490951538,0.8757120370864868
0.8642749190330505,0.9038493633270264,0.8836192488670349
0.8758059144020081,0.8903086185455322,0.8829977512359619
0.8890252709388733,0.9013551473617554,0.8951477408409119
0.8967870473861694,0.9160547256469727,0.9063184857368469
0.8607128858566284,0.8972206115722656,0.8785876631736755
0.8790262341499329,0.8812851309776306,0.8801542520523071
0.8825230598449707,0.9017442464828491,0.8920301198959351
0.8773125410079956,0.9309362769126892,0.9033293724060059
0.878746747970581,0.9029946327209473,0.8907057046890259
0.8667040467262268,0.8753097057342529,0.8709856271743774
0.867901086807251,0.8758741617202759,0.8718693852424622
0.8824740052223206,0.9186865091323853,0.9002162218093872
0.8554831743240356,0.8370108604431152,0.8461462259292603
0.8564793467521667,0.8387196063995361,0.8475064039230347
0.8672888278961182,0.8931893706321716,0.8800485134124756
0.8684222102165222,0.8335190415382385,0.8506126999855042
0.8541429042816162,0.8379184007644653,0.8459528684616089
0.8851795792579651,0.8962637186050415,0.890687108039856
0.8474291563034058,0.8593089580535889,0.853327751159668
0.8903619647026062,0.8690651655197144,0.8795846700668335
0.8651344776153564,0.8663355112075806,0.8657345771789551
0.8365685939788818,0.8503373861312866,0.8433968424797058
0.8375038504600525,0.8785284757614136,0.8575258255004883
0.8846638202667236,0.9166083335876465,0.9003528356552124
0.8771481513977051,0.8818938136100769,0.8795145750045776
0.9048922061920166,0.8818577527999878,0.8932265043258667
0.8458292484283447,0.8530088067054749,0.8494039177894592
0.9133987426757812,0.9517152309417725,0.9321633577346802
0.8300187587738037,0.8603495955467224,0.844912052154541
0.8547957539558411,0.8804411888122559,0.8674290180206299
0.8720066547393799,0.9432783126831055,0.9062433838844299
0.8744680285453796,0.8849080801010132,0.8796570897102356
0.8564913868904114,0.8557478785514832,0.8561194539070129
0.8668906092643738,0.9193159341812134,0.8923339247703552
0.883421778678894,0.9513163566589355,0.9161128401756287
0.8491678237915039,0.8815749287605286,0.8650680184364319
0.918195366859436,0.8658039569854736,0.8912303447723389
0.8824244141578674,0.8956490755081177,0.8889875411987305
0.8440576791763306,0.8504446148872375,0.847239077091217
0.8757472634315491,0.8962266445159912,0.8858686089515686
0.8913633823394775,0.9031187295913696,0.8972025513648987
0.8885771036148071,0.9287654757499695,0.9082269072532654
0.8817227482795715,0.8839763402938843,0.8828480839729309
0.873469352722168,0.902290940284729,0.8876462578773499
0.9153275489807129,0.853539764881134,0.8833545446395874
0.8871728181838989,0.9054661393165588,0.8962261080741882
0.8364790678024292,0.8551262617111206,0.8456998467445374
0.8427833318710327,0.8508704304695129,0.8468075394630432
0.8489473462104797,0.8552029728889465,0.8520637154579163
0.8681856989860535,0.8966742157936096,0.8822000622749329
0.8939680457115173,0.9106757640838623,0.9022445678710938
0.8775031566619873,0.924687385559082,0.9004775881767273
0.8450900912284851,0.8311671018600464,0.8380707502365112
0.871059238910675,0.8730255961418152,0.8720413446426392
0.8835867047309875,0.9051281213760376,0.8942276239395142
0.8436096906661987,0.8718215823173523,0.8574836850166321
0.9326266050338745,0.88123619556427,0.9062033891677856
0.899456262588501,0.8918922543525696,0.8956583142280579
0.8426131010055542,0.855283796787262,0.8489011526107788
0.8625952005386353,0.9334425330162048,0.896621584892273
0.8684247732162476,0.8408057689666748,0.8543921113014221
0.8685255646705627,0.875705897808075,0.8721009492874146
0.8550141453742981,0.8806150555610657,0.8676257729530334
0.8903701305389404,0.8967400789260864,0.8935437202453613
0.8603975772857666,0.87753826379776,0.8688834309577942
0.840184211730957,0.8675565123558044,0.8536509871482849
0.8469092845916748,0.833480715751648,0.8401413559913635
0.8607112169265747,0.8556574583053589,0.8581768870353699
0.8735287189483643,0.8650529980659485,0.8692702054977417
0.8643364310264587,0.8788788318634033,0.8715469837188721
0.8847042918205261,0.8691046237945557,0.8768350481987
0.9038541316986084,0.8875023722648621,0.8956035375595093
0.8788893222808838,0.8766828775405884,0.8777847290039062
0.8686111569404602,0.8508893847465515,0.8596588969230652
0.8738970160484314,0.8626729846000671,0.8682487607002258
0.9039290547370911,0.8796066641807556,0.8916019797325134
0.8938765525817871,0.8727161884307861,0.8831696510314941
0.8795744776725769,0.8811278343200684,0.8803504705429077
0.8763638138771057,0.8557026386260986,0.8659100532531738
0.9150166511535645,0.8651899099349976,0.8894059658050537
0.8899149298667908,0.8902229070663452,0.8900689482688904
0.9009354114532471,0.883736252784729,0.8922529816627502
0.8950996994972229,0.8702837824821472,0.8825173377990723
0.9188737869262695,0.9124358296394348,0.9156435132026672
0.8782930374145508,0.8877953290939331,0.8830186128616333
0.8750266432762146,0.8680798411369324,0.8715394139289856
0.8758906126022339,0.8545982241630554,0.8651134371757507
0.9295778274536133,0.9314277768135071,0.9305018782615662
0.8789810538291931,0.8732128739356995,0.876087486743927
0.8928321599960327,0.8743630051612854,0.8835010528564453
0.8551877737045288,0.8353971242904663,0.8451765775680542
0.8753044605255127,0.8659435510635376,0.8705988526344299
0.8758873343467712,0.8482834100723267,0.861864447593689
0.8778604865074158,0.8552584052085876,0.8664121031761169
0.8643214702606201,0.8648604154586792,0.8645908236503601
0.9053892493247986,0.8442175388336182,0.8737339973449707
0.8844347596168518,0.8597338795661926,0.8719094395637512
0.8905337452888489,0.8803098797798157,0.8853923082351685
0.8522621393203735,0.841748833656311,0.8469728827476501
0.8854501247406006,0.8573747277259827,0.8711863160133362
0.8832180500030518,0.8728088736534119,0.8779826164245605
0.9219490885734558,0.906292200088501,0.9140535593032837
0.8781638145446777,0.8593629598617554,0.868661642074585
0.8711937665939331,0.8570463061332703,0.8640621304512024
0.8447647094726562,0.8402668237686157,0.8425098061561584
0.8957010507583618,0.8994901776313782,0.8975915908813477
0.9044414758682251,0.9306573867797852,0.9173621535301208
0.9018239974975586,0.8651418089866638,0.8831021189689636
0.9081494808197021,0.8708778619766235,0.889123260974884
0.8825424909591675,0.8973921537399292,0.8899053931236267
0.9046837091445923,0.8941164016723633,0.8993690013885498
0.8839821219444275,0.8823764324188232,0.8831785321235657
0.9007662534713745,0.9238010048866272,0.9121381640434265
0.8787401914596558,0.8543694615364075,0.86638343334198
0.8882530927658081,0.8908929228782654,0.8895710706710815
0.9356655478477478,0.9027988910675049,0.918938398361206
0.8786914944648743,0.837812066078186,0.8577649593353271
0.9045992493629456,0.9016100168228149,0.9031021595001221
0.8818777799606323,0.8764005303382874,0.8791306018829346
0.9090661406517029,0.8949596285820007,0.9019576907157898
0.901537299156189,0.8602613806724548,0.8804158568382263
0.8852560520172119,0.8517050743103027,0.8681564927101135
0.8779808282852173,0.8477009534835815,0.8625752329826355
0.8907250761985779,0.9025634527206421,0.8966051936149597
0.8755680918693542,0.8765535950660706,0.8760605454444885
0.8634034395217896,0.8402568697929382,0.8516729474067688
0.8813590407371521,0.8840640187263489,0.8827095031738281
0.9257829785346985,0.8994494676589966,0.912426233291626
0.881671667098999,0.9027467966079712,0.8920847773551941
0.8569896817207336,0.8751469254493713,0.865973174571991
0.8902672529220581,0.92902672290802,0.9092341661453247
0.8894187808036804,0.903713583946228,0.8965092301368713
0.8877081871032715,0.8583219051361084,0.8727678060531616
0.8935094475746155,0.8927963376045227,0.8931527733802795
0.8678619265556335,0.8516302108764648,0.8596693873405457
0.8937340974807739,0.898963212966919,0.8963410258293152
0.8735206723213196,0.8590237498283386,0.8662115931510925
0.8909153938293457,0.8635601997375488,0.8770245313644409
0.8904330134391785,0.8918597102165222,0.8911458253860474
0.8722629547119141,0.9001542925834656,0.8859891891479492
0.8734955787658691,0.8414242267608643,0.8571600317955017
0.8780584931373596,0.8846941590309143,0.8813638091087341
0.895693838596344,0.8932824730873108,0.8944865465164185
0.9013952612876892,0.9145585894584656,0.9079292416572571
0.8842569589614868,0.8870884776115417,0.8856704831123352
0.8713850378990173,0.8416969776153564,0.8562837243080139
0.8932485580444336,0.8818010687828064,0.8874878287315369
0.8609726428985596,0.8608980178833008,0.8609353303909302
0.8999003171920776,0.9059946537017822,0.9029371738433838
0.8743888735771179,0.89827561378479,0.8861712217330933
0.8676982522010803,0.8734769225120544,0.8705780506134033
0.8994808197021484,0.9127227663993835,0.906053364276886
0.8794364333152771,0.856513500213623,0.867823600769043
0.8790959119796753,0.8623022437095642,0.8706181645393372
0.8557641506195068,0.8568964004516602,0.8563299179077148
0.9207718968391418,0.9190714955329895,0.9199208617210388
0.8961312770843506,0.8994916081428528,0.8978083729743958
0.8662818670272827,0.8402262926101685,0.8530551791191101
0.8666292428970337,0.8749462366104126,0.8707678914070129
